t,v,e13,e13min,e13max,T,Tmin,Tmax
0,0.48083,1.65483,1.5518299999999998,1.7578299999999998,32.43075471698111,30.468490566037715,34.11211538461539
1,0.50386,1.67786,1.57486,1.7808599999999999,32.865283018867906,30.90301886792451,34.55500000000001
2,0.48012,1.6541199999999998,1.55112,1.75712,32.417358490566016,30.455094339622626,34.09846153846155
3,0.51765,1.69165,1.58865,1.7946499999999999,33.12547169811319,31.16320754716979,34.82019230769232
4,0.47209,1.64609,1.5430899999999999,1.7490899999999998,32.265849056603756,30.303584905660358,33.94403846153847
5,0.48627,1.66027,1.55727,1.76327,32.53339622641508,30.57113207547168,34.21673076923078
6,0.49492,1.66892,1.56592,1.77192,32.69660377358488,30.734339622641492,34.383076923076935
7,0.52505,1.69905,1.59605,1.80205,33.26509433962262,31.302830188679227,34.96250000000001
8,0.49979,1.67379,1.57079,1.7767899999999999,32.788490566037716,30.826226415094318,34.47673076923078
9,0.5718,1.7458,1.6427999999999998,1.8487999999999998,34.14716981132074,32.18490566037734,35.86153846153847
10,0.54174,1.7157399999999998,1.61274,1.81874,33.57999999999998,31.617735849056587,35.28346153846155
11,0.51629,1.69029,1.5872899999999999,1.7932899999999998,33.0998113207547,31.1375471698113,34.79403846153847
12,0.56219,1.73619,1.63319,1.8391899999999999,33.96584905660376,32.00358490566036,35.67673076923078
13,0.55605,1.7300499999999999,1.62705,1.83305,33.84999999999998,31.88773584905659,35.55865384615386
14,0.54865,1.7226499999999998,1.61965,1.82565,33.71037735849055,31.748113207547153,35.41634615384616
15,0.52068,1.69468,1.59168,1.79768,33.18264150943394,31.22037735849055,34.87846153846155
16,0.53528,1.70928,1.60628,1.81228,33.45811320754715,31.495849056603753,35.15923076923078
17,0.5156,1.6896,1.5865999999999998,1.7925999999999997,33.08679245283017,31.12452830188677,34.78076923076924
18,0.59282,1.76682,1.6638199999999999,1.8698199999999998,34.543773584905644,32.581509433962246,36.26576923076924
19,0.52918,1.70318,1.60018,1.80618,33.34301886792451,31.380754716981116,35.041923076923084
20,0.57757,1.75157,1.6485699999999999,1.8545699999999998,34.25603773584904,32.293773584905644,35.97250000000001
21,0.54587,1.7198699999999998,1.61687,1.82287,33.65792452830186,31.69566037735847,35.36288461538463
22,0.56935,1.74335,1.64035,1.84635,34.1009433962264,32.138679245283,35.814423076923084
23,0.53831,1.71231,1.6093099999999998,1.8153099999999998,33.515283018867905,31.553018867924507,35.21750000000001
24,0.51643,1.6904299999999999,1.58743,1.7934299999999999,33.10245283018866,31.140188679245263,34.79673076923078
25,0.50658,1.68058,1.57758,1.78358,32.91660377358489,30.95433962264149,34.6073076923077
26,0.53843,1.71243,1.60943,1.8154299999999999,33.5175471698113,31.555283018867904,35.219807692307704
27,0.51056,1.6845599999999998,1.58156,1.78756,32.991698113207526,31.029433962264136,34.68384615384617
28,0.56035,1.73435,1.6313499999999999,1.8373499999999998,33.93113207547168,31.968867924528283,35.64134615384616
29,0.5904,1.7644,1.6614,1.8674,34.49811320754715,32.53584905660376,36.219230769230776
30,0.55703,1.73103,1.6280299999999999,1.8340299999999998,33.86849056603772,31.90622641509432,35.57750000000001
31,0.52083,1.69483,1.5918299999999999,1.7978299999999998,33.18547169811319,31.223207547169793,34.88134615384617
32,0.53451,1.70851,1.60551,1.81151,33.44358490566036,31.48132075471696,35.14442307692309
33,0.56156,1.73556,1.6325599999999998,1.8385599999999998,33.953962264150924,31.991698113207526,35.66461538461539
34,0.45887,1.63287,1.5298699999999998,1.7358699999999998,32.01641509433961,30.054150943396202,33.6898076923077
35,0.46835,1.64235,1.53935,1.74535,32.195283018867904,30.233018867924507,33.8721153846154
36,0.47512,1.64912,1.54612,1.75212,32.32301886792451,30.360754716981113,34.0023076923077
37,0.52231,1.69631,1.59331,1.79931,33.21339622641508,31.25113207547168,34.9098076923077
38,0.48417,1.65817,1.55517,1.76117,32.49377358490564,30.531509433962242,34.17634615384617
39,0.49591,1.66991,1.56691,1.77291,32.71528301886791,30.75301886792451,34.4021153846154
40,0.52332,1.69732,1.59432,1.80032,33.23245283018866,31.270188679245265,34.92923076923078
41,0.52267,1.69667,1.59367,1.7996699999999999,33.22018867924526,31.257924528301867,34.91673076923078
42,0.57042,1.7444199999999999,1.64142,1.84742,34.12113207547168,32.15886792452829,35.83500000000001
43,0.52011,1.6941099999999998,1.59111,1.79711,33.17188679245281,31.209622641509416,34.867500000000014
44,0.53746,1.71146,1.60846,1.81446,33.49924528301885,31.536981132075454,35.20115384615386
45,0.49546,1.66946,1.56646,1.77246,32.70679245283017,30.744528301886774,34.39346153846155
46,0.59462,1.7686199999999999,1.66562,1.87162,34.57773584905659,32.6154716981132,36.30038461538463
47,0.52925,1.70325,1.60025,1.80625,33.34433962264149,31.382075471698094,35.04326923076924
48,0.53771,1.71171,1.6087099999999999,1.8147099999999998,33.50396226415093,31.541698113207527,35.20596153846155
49,0.52665,1.70065,1.5976499999999998,1.8036499999999998,33.295283018867906,31.33301886792451,34.993269230769236
50,0.56758,1.74158,1.63858,1.8445799999999999,34.067547169811306,32.10528301886791,35.78038461538463
51,0.48418,1.65818,1.55518,1.76118,32.49396226415092,30.53169811320753,34.17653846153847
52,0.52457,1.69857,1.59557,1.80157,33.256037735849034,31.293773584905644,34.95326923076924
53,0.51746,1.69146,1.58846,1.79446,33.12188679245281,31.159622641509415,34.81653846153847
54,0.56547,1.7394699999999998,1.63647,1.84247,34.02773584905658,32.06547169811319,35.73980769230771
55,0.56713,1.74113,1.6381299999999999,1.8441299999999998,34.05905660377357,32.09679245283017,35.77173076923078
56,0.48904,1.6630399999999999,1.5600399999999999,1.7660399999999998,32.585660377358465,30.623396226415075,34.27000000000001
57,0.51358,1.68758,1.5845799999999999,1.7905799999999998,33.048679245283004,31.0864150943396,34.74192307692309
58,0.49,1.664,1.561,1.767,32.60377358490564,30.641509433962245,34.28846153846155
59,0.49847,1.67247,1.56947,1.7754699999999999,32.76358490566036,30.80132075471696,34.45134615384616
60,0.55464,1.72864,1.62564,1.83164,33.82339622641508,31.86113207547168,35.531538461538474
61,0.42258,1.5965799999999999,1.49358,1.6995799999999999,31.331698113207523,29.36943396226413,32.99192307692309
62,0.52616,1.70016,1.59716,1.8031599999999999,33.286037735849035,31.32377358490564,34.983846153846166
63,0.50541,1.6794099999999998,1.57641,1.78241,32.89452830188677,30.932264150943382,34.584807692307706
64,0.49328,1.6672799999999999,1.56428,1.7702799999999999,32.66566037735847,30.703396226415073,34.35153846153847
65,0.47161,1.64561,1.5426099999999998,1.7486099999999998,32.25679245283017,30.29452830188677,33.9348076923077
66,0.57987,1.75387,1.6508699999999998,1.8568699999999998,34.29943396226413,32.337169811320734,36.016730769230776
67,0.55524,1.7292399999999999,1.62624,1.8322399999999999,33.834716981132054,31.87245283018866,35.54307692307693
68,0.54658,1.72058,1.6175799999999998,1.8235799999999998,33.671320754716966,31.70905660377356,35.376538461538466
69,0.57619,1.75019,1.64719,1.85319,34.22999999999998,32.267735849056585,35.945961538461546
70,0.58751,1.76151,1.65851,1.86451,34.44358490566036,32.48132075471696,36.163653846153856
71,0.53082,1.7048199999999998,1.60182,1.80782,33.37396226415092,31.411698113207528,35.07346153846155
72,0.50589,1.6798899999999999,1.57689,1.7828899999999999,32.90358490566036,30.941320754716962,34.594038461538474
73,0.5578,1.7317999999999998,1.6288,1.8348,33.883018867924505,31.920754716981115,35.5923076923077
74,0.51486,1.68886,1.5858599999999998,1.7918599999999998,33.07283018867923,31.11056603773583,34.766538461538474
75,0.56356,1.7375599999999998,1.63456,1.84056,33.991698113207526,32.029433962264136,35.703076923076935
76,0.47346,1.64746,1.54446,1.75046,32.29169811320753,30.329433962264133,33.970384615384624
77,0.54855,1.72255,1.6195499999999998,1.8255499999999998,33.70849056603772,31.74622641509432,35.414423076923086
78,0.51974,1.69374,1.5907399999999998,1.7967399999999998,33.16490566037734,31.20264150943394,34.860384615384625
79,0.50858,1.68258,1.57958,1.78558,32.95433962264149,30.992075471698094,34.64576923076924
80,0.55914,1.73314,1.63014,1.8361399999999999,33.90830188679244,31.94603773584904,35.618076923076934
81,0.45831,1.63231,1.52931,1.73531,32.00584905660375,30.043584905660357,33.679038461538475
82,0.5524,1.7264,1.6234,1.8294,33.78113207547168,31.818867924528284,35.48846153846155
83,0.52319,1.69719,1.59419,1.80019,33.22999999999998,31.267735849056585,34.92673076923078
84,0.51374,1.6877399999999998,1.58474,1.79074,33.05169811320752,31.08943396226413,34.74500000000001
85,0.53851,1.71251,1.60951,1.81551,33.51905660377356,31.556792452830173,35.22134615384616
86,0.54943,1.72343,1.6204299999999998,1.8264299999999998,33.72509433962263,31.762830188679224,35.431346153846164
87,0.53485,1.70885,1.60585,1.81185,33.44999999999998,31.487735849056584,35.15096153846155
88,0.61975,1.79375,1.69075,1.89675,35.05188679245281,33.08962264150942,36.783653846153854
89,0.48787,1.66187,1.55887,1.76487,32.563584905660356,30.601320754716962,34.24750000000001
90,0.55103,1.7250299999999998,1.62203,1.82803,33.75528301886791,31.793018867924513,35.462115384615394
91,0.47111,1.6451099999999999,1.5421099999999999,1.7481099999999998,32.247358490566015,30.28509433962262,33.92519230769231
92,0.48359,1.65759,1.55459,1.7605899999999999,32.48283018867922,30.52056603773583,34.165192307692315
93,0.54136,1.71536,1.6123599999999998,1.8183599999999998,33.57283018867923,31.61056603773583,35.27615384615385
94,0.53596,1.70996,1.60696,1.81296,33.470943396226396,31.508679245283,35.172307692307704
95,0.53941,1.7134099999999999,1.61041,1.8164099999999999,33.536037735849035,31.57377358490564,35.23865384615385
96,0.46397,1.63797,1.53497,1.74097,32.11264150943394,30.150377358490545,33.78788461538463
97,0.53423,1.70823,1.60523,1.81123,33.43830188679243,31.47603773584904,35.13903846153847
98,0.52149,1.69549,1.59249,1.79849,33.19792452830187,31.23566037735847,34.89403846153847
99,0.56737,1.7413699999999999,1.63837,1.84437,34.063584905660356,32.101320754716966,35.77634615384616
100,0.50935,1.68335,1.58035,1.7863499999999999,32.96886792452828,31.006603773584885,34.66057692307693
101,0.55004,1.72404,1.6210399999999998,1.8270399999999998,33.73660377358489,31.774339622641488,35.44307692307693
102,0.57226,1.74626,1.64326,1.84926,34.155849056603756,32.19358490566036,35.87038461538462
103,0.54374,1.71774,1.6147399999999998,1.8207399999999998,33.61773584905659,31.65547169811319,35.321923076923085
104,0.54176,1.71576,1.61276,1.81876,33.58037735849055,31.618113207547154,35.28384615384616
105,0.55796,1.73196,1.62896,1.83496,33.88603773584904,31.923773584905643,35.595384615384624
106,0.59933,1.77333,1.6703299999999999,1.8763299999999998,34.66660377358489,32.70433962264149,36.390961538461546
107,0.60657,1.78057,1.67757,1.88357,34.8032075471698,32.8409433962264,36.53019230769232
108,0.51373,1.68773,1.58473,1.79073,33.051509433962245,31.089245283018847,34.7448076923077
109,0.59344,1.76744,1.66444,1.8704399999999999,34.55547169811319,32.5932075471698,36.27769230769232
110,0.56646,1.74046,1.63746,1.8434599999999999,34.04641509433961,32.08415094339621,35.758846153846164
111,0.57295,1.74695,1.6439499999999998,1.8499499999999998,34.168867924528286,32.20660377358489,35.883653846153855
112,0.55738,1.73138,1.62838,1.83438,33.87509433962262,31.912830188679226,35.58423076923078
113,0.62965,1.80365,1.70065,1.90665,35.238679245283,33.276415094339605,36.97403846153847
114,0.65092,1.82492,1.72192,1.9279199999999999,35.639999999999986,33.67773584905659,37.38307692307693
115,0.67457,1.84857,1.7455699999999998,1.9515699999999998,36.08622641509433,34.123962264150926,37.837884615384624
116,0.58545,1.75945,1.65645,1.86245,34.404716981132054,32.442452830188664,36.124038461538476
117,0.59484,1.76884,1.66584,1.87184,34.58188679245281,32.619622641509416,36.304615384615396
118,0.62663,1.80063,1.69763,1.90363,35.18169811320753,33.219433962264134,36.915961538461545
119,0.66749,1.8414899999999998,1.73849,1.94449,35.952641509433946,33.990377358490555,37.70173076923078
120,0.61162,1.78562,1.68262,1.88862,34.89849056603772,32.936226415094325,36.6273076923077
121,0.65948,1.8334799999999998,1.73048,1.93648,35.801509433962245,33.839245283018855,37.547692307692316
122,0.64042,1.81442,1.71142,1.91742,35.44188679245281,33.479622641509415,37.181153846153855
123,0.68844,1.8624399999999999,1.7594400000000001,1.96544,36.347924528301874,34.38566037735848,38.10461538461539
124,0.70327,1.8772699999999998,1.77427,1.98027,36.627735849056585,34.665471698113194,38.3898076923077
125,0.73726,1.91126,1.80826,2.01426,37.26905660377357,35.30679245283017,39.04346153846155
126,0.72061,1.89461,1.79161,1.9976099999999999,36.95490566037734,34.99264150943395,38.72326923076923
127,0.63384,1.80784,1.70484,1.9108399999999999,35.31773584905659,33.35547169811319,37.05461538461539
128,0.73563,1.90963,1.80663,2.0126299999999997,37.23830188679244,35.276037735849044,39.012115384615385
129,0.71976,1.8937599999999999,1.79076,1.9967599999999999,36.93886792452829,34.97660377358489,38.70692307692308
130,0.74025,1.91425,1.8112499999999998,2.0172499999999998,37.3254716981132,35.36320754716979,39.10096153846154
131,0.75063,1.92463,1.8216299999999999,2.02763,37.52132075471697,35.55905660377357,39.30057692307693
132,0.69129,1.86529,1.76229,1.9682899999999999,36.40169811320753,34.43943396226413,38.15942307692308
133,0.78277,1.95677,1.85377,2.05977,38.12773584905659,36.165471698113194,39.91865384615385
134,0.79114,1.9651399999999999,1.86214,2.0681399999999996,38.285660377358475,36.323396226415085,40.07961538461539
135,0.80369,1.97769,1.87469,2.0806899999999997,38.52245283018867,36.56018867924527,40.32096153846154
136,0.69987,1.87387,1.77087,1.97687,36.56358490566036,34.601320754716966,38.32442307692308
137,0.73083,1.90483,1.8018299999999998,2.00783,37.14773584905659,35.18547169811319,38.9198076923077
138,0.83226,2.00626,1.90326,2.10926,39.06150943396226,37.09924528301886,40.87038461538462
139,0.74377,1.91777,1.81477,2.0207699999999997,37.391886792452816,35.429622641509425,39.16865384615385
140,0.84232,2.01632,1.91332,2.11932,39.25132075471697,37.289056603773574,41.063846153846164
141,0.80054,1.97454,1.87154,2.07754,38.46301886792452,36.50075471698112,40.26038461538462
142,0.74901,1.9230099999999999,1.82001,2.02601,37.490754716981115,35.52849056603772,39.26942307692308
143,0.84889,2.02289,1.91989,2.12589,39.37528301886791,37.41301886792452,41.190192307692314
144,0.83759,2.01159,1.9085899999999998,2.1145899999999997,39.1620754716981,37.199811320754705,40.972884615384615
145,0.85623,2.03023,1.92723,2.13323,39.51377358490565,37.55150943396225,41.33134615384616
146,0.8043,1.9783,1.8753,2.0812999999999997,38.53396226415093,36.57169811320753,40.33269230769231
147,0.79314,1.9671399999999999,1.86414,2.07014,38.323396226415085,36.36113207547169,40.11807692307693
148,0.8999,2.0739,1.9708999999999999,2.1769,40.3377358490566,38.375471698113195,42.17115384615385
149,0.90834,2.08234,1.97934,2.18534,40.49698113207546,38.53471698113207,42.33346153846155
150,0.8002,1.9742,1.8712,2.0772,38.456603773584895,36.4943396226415,40.25384615384616
151,0.83975,2.01375,1.91075,2.1167499999999997,39.202830188679236,37.24056603773584,41.01442307692308
152,0.89189,2.06589,1.9628899999999998,2.1688899999999998,40.1866037735849,38.224339622641494,42.01711538461539
153,0.92237,2.09637,1.99337,2.19937,40.76169811320754,38.799433962264146,42.603269230769236
154,0.90577,2.07977,1.97677,2.1827699999999997,40.44849056603773,38.48622641509433,42.28403846153846
155,0.90927,2.0832699999999997,1.98027,2.18627,40.51452830188678,38.55226415094339,42.35134615384616
156,0.91738,2.09138,1.9883799999999998,2.1943799999999998,40.667547169811314,38.70528301886791,42.50730769230769
157,0.96114,2.13514,2.03214,2.23814,41.4932075471698,39.530943396226405,43.34884615384616
158,0.95724,2.13124,2.02824,2.23424,41.41962264150943,39.45735849056602,43.27384615384615
159,1.0282,2.2022,2.0991999999999997,2.3052,42.75849056603773,40.79622641509433,44.63846153846154
160,0.93586,2.10986,2.00686,2.21286,41.01622641509433,39.05396226415094,42.86269230769231
161,0.92531,2.09931,1.9963099999999998,2.2023099999999998,40.817169811320746,38.85490566037735,42.659807692307695
162,0.94051,2.11451,2.01151,2.21751,41.10396226415094,39.14169811320754,42.95211538461539
163,0.99445,2.16845,2.06545,2.2714499999999997,42.12169811320754,40.15943396226414,43.989423076923075
164,1.008,2.182,2.0789999999999997,2.285,42.37735849056603,40.41509433962263,44.25000000000001
165,0.95633,2.13033,2.02733,2.23333,41.402452830188665,39.440188679245274,43.25634615384616
166,0.93632,2.1103199999999998,2.00732,2.21332,41.02490566037734,39.06264150943395,42.871538461538464
167,1.0163,2.1902999999999997,2.0873,2.2933,42.53396226415093,40.57169811320754,44.409615384615385
168,0.9786,2.1526,2.0496,2.2556,41.82264150943396,39.86037735849055,43.684615384615384
169,1.009,2.183,2.08,2.2859999999999996,42.39622641509433,40.433962264150935,44.26923076923077
170,0.99885,2.17285,2.0698499999999997,2.27585,42.204716981132066,40.24245283018867,44.07403846153847
171,0.99503,2.16903,2.06603,2.27203,42.13264150943395,40.17037735849056,44.00057692307693
172,0.99869,2.17269,2.06969,2.27569,42.201698113207534,40.239433962264144,44.07096153846154
173,0.97946,2.15346,2.05046,2.2564599999999997,41.838867924528294,39.876603773584904,43.701153846153844
174,1.0266,2.2005999999999997,2.0976,2.3036,42.72830188679244,40.766037735849046,44.60769230769231
175,1.0459,2.2199,2.1169000000000002,2.3228999999999997,43.09245283018868,41.13018867924528,44.97884615384615
176,1.0027,2.1767,2.0736999999999997,2.2797,42.27735849056603,40.315094339622625,44.14807692307693
177,1.0645,2.2385,2.1355,2.3415,43.44339622641509,41.48113207547169,45.33653846153846
178,1.0976,2.2716,2.1685999999999996,2.3746,44.06792452830188,42.105660377358475,45.973076923076924
179,1.0746,2.2485999999999997,2.1456,2.3516,43.63396226415093,41.67169811320754,45.53076923076923
180,1.0938,2.2678000000000003,2.1648,2.3708,43.99622641509434,42.03396226415094,45.900000000000006
181,1.1062,2.2802,2.1772,2.3832,44.23018867924527,42.26792452830188,46.13846153846154
182,1.0829,2.2569,2.1539,2.3598999999999997,43.79056603773584,41.82830188679245,45.69038461538461
183,1.0979,2.2719,2.1689,2.3749000000000002,44.073584905660375,42.11132075471697,45.97884615384616
184,1.1373,2.3113,2.2083,2.4143,44.81698113207547,42.85471698113207,46.73653846153846
185,1.0932,2.2672,2.1642,2.3701999999999996,43.98490566037735,42.02264150943396,45.888461538461534
186,1.1705,2.3445,2.2415000000000003,2.4475,45.44339622641509,43.4811320754717,47.375
187,1.1872,2.3612,2.2582,2.4642,45.758490566037736,43.79622641509434,47.69615384615385
188,1.1888,2.3628,2.2598000000000003,2.4657999999999998,45.788679245283014,43.82641509433962,47.72692307692307
189,1.179,2.3529999999999998,2.25,2.456,45.60377358490565,43.64150943396226,47.53846153846154
190,1.1365,2.3105,2.2075,2.4135,44.801886792452834,42.83962264150943,46.72115384615385
191,1.0831,2.2571,2.1540999999999997,2.3601,43.7943396226415,41.832075471698104,45.69423076923077
192,1.1916,2.3655999999999997,2.2626,2.4686,45.84150943396226,43.87924528301886,47.78076923076923
193,1.1296,2.3036,2.2005999999999997,2.4066,44.67169811320754,42.70943396226414,46.588461538461544
194,1.1144,2.2884,2.1854,2.3914,44.384905660377356,42.42264150943396,46.29615384615385
195,1.1855,2.3594999999999997,2.2565,2.4625,45.726415094339615,43.764150943396224,47.66346153846154
196,1.1664,2.3404,2.2374,2.4434,45.36603773584905,43.40377358490566,47.29615384615385
197,1.2381,2.4120999999999997,2.3091,2.5151,46.7188679245283,44.7566037735849,48.675
198,1.2493,2.4233000000000002,2.3203,2.5263,46.93018867924528,44.967924528301886,48.89038461538461
199,1.2141,2.3880999999999997,2.2851,2.4911,46.266037735849046,44.303773584905656,48.21346153846154
200,1.196,2.37,2.267,2.473,45.924528301886795,43.96226415094339,47.86538461538461
201,1.1851,2.3590999999999998,2.2561,2.4621,45.7188679245283,43.7566037735849,47.65576923076923
202,1.2391,2.4131,2.3101000000000003,2.5161,46.737735849056605,44.77547169811321,48.694230769230764
203,1.2146,2.3886,2.2855999999999996,2.4916,46.2754716981132,44.3132075471698,48.223076923076924
204,1.2162,2.3902,2.2872,2.4932,46.30566037735849,44.34339622641509,48.253846153846155
205,1.2411,2.4151,2.3121,2.5181,46.7754716981132,44.81320754716981,48.73269230769231
206,1.2148,2.3888,2.2858,2.4918,46.27924528301886,44.31698113207547,48.22692307692308
207,1.2839,2.4579,2.3548999999999998,2.5609,47.58301886792453,45.620754716981125,49.555769230769236
208,1.2942,2.4682,2.3651999999999997,2.5712,47.77735849056604,45.81509433962264,49.753846153846155
209,1.2692,2.4432,2.3402000000000003,2.5462,47.30566037735849,45.3433962264151,49.27307692307692
210,1.3191,2.4931,2.3901,2.5961,48.24716981132076,46.284905660377355,50.232692307692304
211,1.3334,2.5073999999999996,2.4044,2.6104,48.516981132075465,46.554716981132074,50.5076923076923
212,1.3314,2.5054,2.4024,2.6083999999999996,48.47924528301887,46.51698113207547,50.46923076923076
213,1.3665,2.5404999999999998,2.4375,2.6435,49.14150943396226,47.17924528301887,51.14423076923077
214,1.2919,2.4659,2.3629,2.5689,47.73396226415095,45.77169811320754,49.70961538461539
215,1.3375,2.5115,2.4085,2.6144999999999996,48.594339622641506,46.632075471698116,50.58653846153845
216,1.3411,2.5151,2.4120999999999997,2.6181,48.66226415094339,46.699999999999996,50.65576923076923
217,1.3197,2.4937,2.3907,2.5967000000000002,48.258490566037736,46.29622641509434,50.244230769230775
218,1.33,2.504,2.401,2.607,48.45283018867924,46.490566037735846,50.44230769230769
219,1.3375,2.5115,2.4085,2.6144999999999996,48.594339622641506,46.632075471698116,50.58653846153845
220,1.4024,2.5764,2.4734,2.6794000000000002,49.818867924528305,47.85660377358491,51.83461538461539
221,1.3557,2.5297,2.4267,2.6327,48.93773584905661,46.9754716981132,50.936538461538454
222,1.3515,2.5255,2.4225,2.6285,48.85849056603774,46.89622641509434,50.855769230769226
223,1.4045,2.5785,2.4755000000000003,2.6814999999999998,49.85849056603774,47.89622641509435,51.87499999999999
224,1.349,2.5229999999999997,2.42,2.626,48.811320754716974,46.84905660377358,50.80769230769231
225,1.4102,2.5842,2.4812,2.6872,49.96603773584906,48.00377358490566,51.98461538461538
226,1.5002,2.6742,2.5712,2.7771999999999997,51.66415094339623,49.70188679245284,53.71538461538461
227,1.4589,2.6329000000000002,2.5299,2.7359,50.88490566037737,48.922641509433966,52.92115384615384
228,1.4367,2.6107,2.5077,2.7137000000000002,50.466037735849056,48.50377358490566,52.49423076923077
229,1.4366,2.6106,2.5076,2.7136,50.46415094339623,48.50188679245284,52.49230769230769
230,1.4332,2.6071999999999997,2.5042,2.7102,50.4,48.43773584905661,52.426923076923075
231,1.4097,2.5837,2.4806999999999997,2.6867,49.95660377358491,47.994339622641505,51.975
232,1.3854,2.5594,2.4564,2.6624,49.49811320754718,47.53584905660377,51.5076923076923
233,1.4319,2.6059,2.5029,2.7089,50.375471698113216,48.41320754716981,52.40192307692307
234,1.5304,2.7043999999999997,2.6014,2.8074,52.23396226415095,50.27169811320755,54.29615384615384
235,1.5434,2.7174,2.6144,2.8204000000000002,52.47924528301888,50.51698113207547,54.54615384615384
236,1.5078,2.6818,2.5788,2.7847999999999997,51.80754716981132,49.84528301886793,53.86153846153845
237,1.4644,2.6384,2.5354,2.7413999999999996,50.98867924528302,49.026415094339626,53.02692307692307
238,1.5102,2.6841999999999997,2.5812,2.7872,51.85283018867924,49.89056603773585,53.9076923076923
239,1.5698,2.7438000000000002,2.6408,2.8468,52.97735849056605,51.01509433962265,55.053846153846145
240,1.5608,2.7348,2.6318,2.8377999999999997,52.80754716981132,50.84528301886793,54.88076923076922
241,1.5174,2.6914,2.5884,2.7944,51.98867924528302,50.026415094339626,54.04615384615384
242,1.454,2.628,2.525,2.731,50.79245283018869,48.83018867924528,52.82692307692307
243,1.5172,2.6912000000000003,2.5882,2.7942,51.984905660377365,50.02264150943397,54.04230769230769
244,1.5592,2.7332,2.6302,2.8362,52.777358490566044,50.81509433962265,54.849999999999994
245,1.5325,2.7065,2.6035,2.8095,52.273584905660385,50.31132075471699,54.33653846153845
246,1.5752,2.7492,2.6462,2.8522,53.07924528301888,51.11698113207547,55.1576923076923
247,1.6036,2.7775999999999996,2.6746,2.8806,53.615094339622644,51.652830188679246,55.70384615384614
248,1.5648,2.7388,2.6357999999999997,2.8418,52.883018867924534,50.920754716981136,54.957692307692305
249,1.5832,2.7572,2.6542,2.8602,53.23018867924529,51.26792452830189,55.311538461538454
250,1.5454,2.7194000000000003,2.6164,2.8224,52.516981132075486,50.55471698113208,54.58461538461538
251,1.5931,2.7671,2.6641,2.8701,53.41698113207548,51.45471698113208,55.50192307692307
252,1.601,2.775,2.6719999999999997,2.878,53.566037735849065,51.60377358490566,55.653846153846146
253,1.6085,2.7824999999999998,2.6795,2.8855,53.70754716981132,51.74528301886793,55.79807692307691
254,1.5644,2.7384,2.6353999999999997,2.8414,52.875471698113216,50.91320754716981,54.949999999999996
255,1.6327,2.8067,2.7037,2.9097,54.16415094339624,52.20188679245284,56.26346153846153
256,1.5329,2.7069,2.6039,2.8099,52.2811320754717,50.318867924528305,54.34423076923076
257,1.6132,2.7872,2.6841999999999997,2.8902,53.796226415094345,51.83396226415094,55.888461538461534
258,1.5486,2.7226,2.6196,2.8255999999999997,52.57735849056604,50.61509433962265,54.64615384615384
259,1.5398,2.7138,2.6108000000000002,2.8167999999999997,52.41132075471699,50.44905660377359,54.476923076923065
260,1.5795,2.7535,2.6505,2.8564999999999996,53.16037735849057,51.19811320754718,55.2403846153846
261,1.5988,2.7728,2.6698,2.8758,53.524528301886804,51.5622641509434,55.61153846153845
262,1.5994,2.7733999999999996,2.6704,2.8764,53.53584905660377,51.57358490566038,55.623076923076916
263,1.6042,2.7782,2.6752000000000002,2.8811999999999998,53.62641509433963,51.66415094339624,55.71538461538461
264,1.6001,2.7741,2.6711,2.8771,53.549056603773586,51.586792452830196,55.63653846153846
265,1.6172,2.7912,2.6882,2.8941999999999997,53.87169811320755,51.90943396226416,55.9653846153846
266,1.5962,2.7702,2.6672000000000002,2.8731999999999998,53.47547169811321,51.51320754716982,55.56153846153845
267,1.5533,2.7272999999999996,2.6243,2.8303,52.66603773584906,50.70377358490566,54.73653846153845
268,1.5838,2.7578,2.6548,2.8608000000000002,53.24150943396227,51.279245283018874,55.32307692307692
269,1.6068,2.7808,2.6778,2.8838,53.67547169811322,51.713207547169816,55.765384615384605
270,1.523,2.697,2.594,2.8,52.09433962264151,50.132075471698116,54.153846153846146
271,1.5732,2.7472,2.6441999999999997,2.8502,53.04150943396227,51.079245283018864,55.11923076923077
272,1.6273,2.8013,2.6982999999999997,2.9043,54.062264150943406,52.1,56.15961538461538
273,1.5617,2.7357,2.6327,2.8387000000000002,52.8245283018868,50.862264150943396,54.89807692307692
274,1.5589,2.7329,2.6299,2.8358999999999996,52.77169811320755,50.80943396226416,54.844230769230755
275,1.5488,2.7228,2.6197999999999997,2.8258,52.5811320754717,50.6188679245283,54.65
276,1.6328,2.8068,2.7038,2.9097999999999997,54.16603773584906,52.203773584905676,56.265384615384605
277,1.5905,2.7645,2.6615,2.8674999999999997,53.36792452830189,51.4056603773585,55.451923076923066
278,1.6225,2.7965,2.6935000000000002,2.8994999999999997,53.97169811320755,52.00943396226416,56.06730769230768
279,1.6001,2.7741,2.6711,2.8771,53.549056603773586,51.586792452830196,55.63653846153846
280,1.4809,2.6549,2.5519,2.7579000000000002,51.300000000000004,49.33773584905661,53.34423076923077
281,1.5598,2.7338,2.6308,2.8368,52.78867924528303,50.82641509433962,54.86153846153846
282,1.626,2.8,2.697,2.9029999999999996,54.03773584905661,52.07547169811322,56.13461538461537
283,1.6086,2.7826,2.6795999999999998,2.8856,53.70943396226416,51.74716981132076,55.8
284,1.4795,2.6535,2.5505,2.7565,51.273584905660385,49.31132075471699,53.317307692307686
285,1.5789,2.7529,2.6498999999999997,2.8559,53.14905660377359,51.18679245283019,55.22884615384615
286,1.5478,2.7218,2.6188000000000002,2.8247999999999998,52.5622641509434,50.60000000000001,54.63076923076922
287,1.6024,2.7763999999999998,2.6734,2.8794,53.592452830188684,51.63018867924529,55.68076923076922
288,1.6095,2.7835,2.6805,2.8865,53.72641509433963,51.76415094339623,55.81730769230768
289,1.6584,2.8324,2.7294,2.9354,54.64905660377359,52.6867924528302,56.7576923076923
290,1.5566,2.7306,2.6276,2.8335999999999997,52.72830188679246,50.76603773584907,54.79999999999999
291,1.5829,2.7569,2.6539,2.8598999999999997,53.2245283018868,51.26226415094341,55.305769230769215
292,1.5852,2.7592,2.6562,2.8621999999999996,53.26792452830189,51.3056603773585,55.34999999999999
293,1.6081,2.7821,2.6791,2.8851,53.7,51.73773584905661,55.79038461538461
294,1.5813,2.7553,2.6523,2.8583,53.194339622641515,51.23207547169812,55.27499999999999
295,1.5539,2.7279,2.6249000000000002,2.8308999999999997,52.67735849056604,50.71509433962265,54.748076923076916
296,1.5749,2.7489,2.6459,2.8518999999999997,53.07358490566038,51.11132075471699,55.15192307692306
297,1.5892,2.7632,2.6601999999999997,2.8662,53.343396226415095,51.3811320754717,55.426923076923075
298,1.5338,2.7077999999999998,2.6048,2.8108,52.29811320754717,50.33584905660378,54.36153846153846
299,1.5302,2.7042,2.6012,2.8072,52.23018867924529,50.26792452830189,54.29230769230769
300,1.6078,2.7817999999999996,2.6788,2.8848,53.69433962264151,51.73207547169812,55.78461538461538
301,1.5575,2.7315,2.6285,2.8345000000000002,52.74528301886793,50.78301886792453,54.81730769230769
302,1.6096,2.7836,2.6806,2.8865999999999996,53.72830188679246,51.76603773584907,55.81923076923076
303,1.59,2.7640000000000002,2.661,2.867,53.358490566037744,51.39622641509435,55.442307692307686
304,1.5832,2.7572,2.6542,2.8602,53.23018867924529,51.26792452830189,55.311538461538454
305,1.6207,2.7946999999999997,2.6917,2.8977,53.93773584905661,51.97547169811321,56.0326923076923
306,1.6461,2.8201,2.7171,2.9231,54.41698113207548,52.45471698113208,56.52115384615384
307,1.5774,2.7514,2.6483999999999996,2.8544,53.12075471698114,51.158490566037734,55.199999999999996
308,1.5692,2.7432,2.6402,2.8461999999999996,52.966037735849056,51.003773584905666,55.04230769230768
309,1.6058,2.7798,2.6768,2.8827999999999996,53.65660377358491,51.694339622641515,55.74615384615383
310,1.5816,2.7556,2.6525999999999996,2.8586,53.2,51.237735849056605,55.280769230769224
311,1.6649,2.8388999999999998,2.7359,2.9419,54.77169811320755,52.80943396226416,56.882692307692295
312,1.5263,2.7003,2.5972999999999997,2.8033,52.15660377358491,50.19433962264151,54.21730769230769
313,1.5043,2.6783,2.5753,2.7813,51.74150943396227,49.779245283018874,53.794230769230765
314,1.6434,2.8174,2.7144,2.9204,54.36603773584907,52.403773584905665,56.46923076923076
315,1.5508,2.7248,2.6218,2.8278,52.61886792452831,50.65660377358491,54.68846153846153
316,1.59,2.7640000000000002,2.661,2.867,53.358490566037744,51.39622641509435,55.442307692307686
317,1.6061,2.7801,2.6771000000000003,2.8830999999999998,53.6622641509434,51.70000000000001,55.75192307692306
318,1.581,2.755,2.652,2.8579999999999997,53.188679245283026,51.22641509433963,55.26923076923076
319,1.5879,2.7619,2.6589,2.8649,53.318867924528305,51.356603773584915,55.40192307692307
320,1.5995,2.7735,2.6704999999999997,2.8765,53.53773584905661,51.575471698113205,55.62499999999999
321,1.6205,2.7945,2.6915,2.8975,53.933962264150956,51.97169811320755,56.028846153846146
322,1.6167,2.7907,2.6877,2.8937,53.8622641509434,51.900000000000006,55.95576923076922
323,1.6177,2.7916999999999996,2.6887,2.8947,53.8811320754717,51.91886792452831,55.97499999999999
324,1.6407,2.8147,2.7117,2.9177,54.315094339622654,52.35283018867925,56.41730769230769
325,1.5543,2.7283,2.6253,2.8312999999999997,52.68490566037736,50.72264150943397,54.75576923076922
326,1.603,2.777,2.674,2.88,53.60377358490567,51.64150943396227,55.692307692307686
327,1.5085,2.6825,2.5795,2.7855,51.82075471698114,49.85849056603774,53.87499999999999
328,1.5334,2.7074,2.6044,2.8104,52.29056603773585,50.32830188679246,54.35384615384615
329,1.5901,2.7641,2.6611000000000002,2.8670999999999998,53.360377358490574,51.39811320754718,55.44423076923076
330,1.557,2.731,2.628,2.8339999999999996,52.735849056603776,50.773584905660385,54.80769230769229
331,1.5419,2.7159,2.6129,2.8189,52.45094339622642,50.48867924528302,54.51730769230769
332,1.5275,2.7015000000000002,2.5985,2.8045,52.17924528301888,50.216981132075475,54.24038461538461
333,1.5728,2.7468,2.6437999999999997,2.8498,53.03396226415095,51.071698113207546,55.11153846153846
334,1.5579,2.7319,2.6289,2.8349,52.752830188679255,50.79056603773585,54.824999999999996
335,1.5576,2.7316000000000003,2.6286,2.8346,52.74716981132077,50.78490566037736,54.819230769230764
336,1.5382,2.7122,2.6092,2.8152,52.381132075471704,50.41886792452831,54.44615384615384
337,1.6109,2.7849,2.6818999999999997,2.8879,53.752830188679255,51.79056603773585,55.84423076923076
338,1.5903,2.7643,2.6612999999999998,2.8673,53.36415094339623,51.401886792452835,55.44807692307692
339,1.6258,2.7998,2.6967999999999996,2.9028,54.03396226415095,52.071698113207546,56.130769230769225
340,1.6329,2.8068999999999997,2.7039,2.9099,54.16792452830189,52.2056603773585,56.26730769230768
341,1.5751,2.7491,2.6460999999999997,2.8521,53.07735849056604,51.115094339622644,55.155769230769224
342,1.6513,2.8253,2.7222999999999997,2.9283,54.51509433962265,52.55283018867925,56.621153846153845
343,1.5838,2.7578,2.6548,2.8608000000000002,53.24150943396227,51.279245283018874,55.32307692307692
344,1.5787,2.7527,2.6497,2.8556999999999997,53.14528301886793,51.18301886792454,55.22499999999999
345,1.5979,2.7719,2.6689,2.8749000000000002,53.50754716981133,51.54528301886793,55.59423076923077
346,1.563,2.737,2.634,2.84,52.84905660377359,50.88679245283019,54.92307692307691
347,1.6069,2.7809,2.6779,2.8838999999999997,53.67735849056604,51.71509433962265,55.76730769230768
348,1.5697,2.7437,2.6407,2.8467000000000002,52.97547169811321,51.01320754716981,55.051923076923075
349,1.607,2.7809999999999997,2.678,2.884,53.67924528301887,51.716981132075475,55.76923076923076
350,1.518,2.692,2.589,2.795,52.00000000000001,50.03773584905661,54.0576923076923
351,1.5704,2.7443999999999997,2.6414,2.8474,52.98867924528302,51.026415094339626,55.06538461538461
352,1.5584,2.7324,2.6294,2.8354,52.76226415094341,50.800000000000004,54.834615384615375
353,1.5736,2.7476000000000003,2.6446,2.8506,53.04905660377359,51.086792452830196,55.12692307692307
354,1.5496,2.7236000000000002,2.6206,2.8266,52.59622641509435,50.63396226415095,54.66538461538461
355,1.5654,2.7394,2.6364,2.8423999999999996,52.89433962264151,50.93207547169812,54.969230769230755
356,1.5728,2.7468,2.6437999999999997,2.8498,53.03396226415095,51.071698113207546,55.11153846153846
357,1.5866,2.7606,2.6576,2.8636,53.294339622641516,51.33207547169812,55.37692307692307
358,1.5858,2.7598000000000003,2.6568,2.8628,53.27924528301888,51.316981132075476,55.36153846153846
359,1.5255,2.6995,2.5965,2.8025,52.14150943396227,50.17924528301887,54.20192307692307
360,1.669,2.843,2.74,2.9459999999999997,54.84905660377359,52.8867924528302,56.96153846153845
361,1.563,2.737,2.634,2.84,52.84905660377359,50.88679245283019,54.92307692307691
362,1.583,2.7569999999999997,2.654,2.86,53.22641509433962,51.26415094339623,55.3076923076923
363,1.5791,2.7531,2.6501,2.8560999999999996,53.152830188679246,51.190566037735856,55.2326923076923
364,1.5933,2.7672999999999996,2.6643,2.8703,53.420754716981136,51.45849056603774,55.50576923076922
365,1.5519,2.7259,2.6229,2.8289,52.63962264150945,50.67735849056604,54.709615384615375
366,1.5474,2.7214,2.6184000000000003,2.8244,52.55471698113208,50.59245283018869,54.623076923076916
367,1.7224,2.8964,2.7934,2.9993999999999996,55.856603773584915,53.894339622641525,57.98846153846152
368,1.6349,2.8089,2.7058999999999997,2.9119,54.2056603773585,52.2433962264151,56.30576923076923
369,1.5624,2.7363999999999997,2.6334,2.8394,52.83773584905661,50.875471698113216,54.911538461538456
370,1.5965,2.7705,2.6675,2.8735,53.481132075471706,51.51886792452831,55.567307692307686
371,1.5979,2.7719,2.6689,2.8749000000000002,53.50754716981133,51.54528301886793,55.59423076923077
372,1.6142,2.7882,2.6852,2.8912,53.81509433962265,51.85283018867925,55.9076923076923
373,1.5348,2.7088,2.6058,2.8118,52.316981132075476,50.35471698113208,54.380769230769225
374,1.537,2.711,2.6079999999999997,2.814,52.35849056603774,50.39622641509434,54.42307692307692
375,1.6017,2.7756999999999996,2.6727,2.8787,53.579245283018864,51.61698113207547,55.66730769230768
376,1.5694,2.7434,2.6403999999999996,2.8464,52.96981132075472,51.00754716981132,55.04615384615384
377,1.5767,2.7507,2.6477,2.8537,53.107547169811326,51.14528301886793,55.186538461538454
378,1.525,2.699,2.596,2.8019999999999996,52.132075471698116,50.169811320754725,54.19230769230768
379,1.6147,2.7887,2.6856999999999998,2.8917,53.8245283018868,51.862264150943396,55.91730769230769
380,1.6046,2.7786,2.6756,2.8815999999999997,53.63396226415095,51.671698113207555,55.72307692307691
381,1.5495,2.7235,2.6205,2.8265000000000002,52.59433962264151,50.632075471698116,54.66346153846154
382,1.6218,2.7958,2.6928,2.8987999999999996,53.95849056603774,51.99622641509435,56.05384615384614
383,1.5978,2.7718,2.6688,2.8748,53.505660377358495,51.543396226415105,55.592307692307685
384,1.6342,2.8082000000000003,2.7052,2.9112,54.19245283018869,52.23018867924529,56.29230769230769
385,1.5656,2.7396000000000003,2.6366,2.8426,52.89811320754718,50.93584905660378,54.97307692307692
386,1.5934,2.7674,2.6643999999999997,2.8704,53.422641509433966,51.46037735849057,55.5076923076923
387,1.5652,2.7392,2.6361999999999997,2.8422,52.89056603773585,50.928301886792454,54.96538461538461
388,1.5554,2.7294,2.6264,2.8324,52.7056603773585,50.7433962264151,54.77692307692307
389,1.6171,2.7911,2.6881,2.8941,53.86981132075473,51.90754716981132,55.96346153846153
390,1.5058,2.6798,2.5768,2.7828,51.76981132075473,49.80754716981132,53.82307692307692
391,1.5347,2.7087,2.6056999999999997,2.8117,52.31509433962265,50.35283018867924,54.37884615384615
392,1.5374,2.7114000000000003,2.6084,2.8144,52.36603773584907,50.403773584905665,54.43076923076923
393,1.5733,2.7473,2.6443,2.8503,53.043396226415105,51.0811320754717,55.12115384615384
394,1.5559,2.7298999999999998,2.6269,2.8329,52.715094339622645,50.752830188679255,54.786538461538456
395,1.5898,2.7638,2.6608,2.8668,53.35471698113208,51.39245283018869,55.43846153846153
396,1.5137,2.6877,2.5846999999999998,2.7907,51.91886792452831,49.9566037735849,53.975
397,1.5765,2.7504999999999997,2.6475,2.8535,53.10377358490566,51.14150943396227,55.1826923076923
398,1.536,2.71,2.607,2.8129999999999997,52.339622641509436,50.377358490566046,54.403846153846146
399,1.6306,2.8045999999999998,2.7016,2.9076,54.1245283018868,52.1622641509434,56.22307692307692
400,1.4838,2.6578,2.5548,2.7607999999999997,51.35471698113208,49.39245283018869,53.39999999999999
401,1.6094,2.7834,2.6803999999999997,2.8864,53.7245283018868,51.762264150943395,55.81538461538461
402,1.6137,2.7877,2.6847,2.8907,53.8056603773585,51.843396226415095,55.898076923076914
403,1.6265,2.8005,2.6975,2.9035,54.047169811320764,52.08490566037736,56.14423076923077
404,1.5354,2.7094,2.6064,2.8124000000000002,52.32830188679246,50.36603773584906,54.39230769230769
405,1.5938,2.7678000000000003,2.6648,2.8708,53.4301886792453,51.46792452830189,55.51538461538461
406,1.6475,2.8215,2.7184999999999997,2.9245,54.4433962264151,52.4811320754717,56.54807692307692
407,1.6445,2.8185000000000002,2.7155,2.9215,54.3867924528302,52.4245283018868,56.490384615384606
408,1.6121,2.7861000000000002,2.6831,2.8891,53.77547169811322,51.81320754716982,55.86730769230768
409,1.5469,2.7209,2.6178999999999997,2.8239,52.54528301886793,50.58301886792453,54.613461538461536
410,1.5626,2.7366,2.6336,2.8396,52.84150943396227,50.879245283018875,54.91538461538461
411,1.5337,2.7077,2.6047000000000002,2.8106999999999998,52.296226415094345,50.333962264150955,54.359615384615374
412,1.5688,2.7428,2.6398,2.8457999999999997,52.95849056603774,50.99622641509435,55.03461538461537
413,1.602,2.776,2.673,2.879,53.58490566037736,51.62264150943397,55.67307692307692
414,1.6213,2.7953,2.6923,2.8983,53.94905660377359,51.986792452830194,56.04423076923076
415,1.5849,2.7588999999999997,2.6559,2.8619,53.262264150943395,51.300000000000004,55.34423076923076
416,1.6003,2.7743,2.6713,2.8773,53.55283018867926,51.590566037735854,55.640384615384605
417,1.558,2.732,2.629,2.835,52.754716981132084,50.79245283018869,54.82692307692307
418,1.5417,2.7157,2.6127000000000002,2.8186999999999998,52.44716981132076,50.484905660377365,54.51346153846153
419,1.5694,2.7434,2.6403999999999996,2.8464,52.96981132075472,51.00754716981132,55.04615384615384
420,1.585,2.759,2.6559999999999997,2.862,53.26415094339623,51.301886792452834,55.34615384615384
421,1.5639,2.7379,2.6349,2.8409,52.86603773584906,50.903773584905665,54.94038461538461
422,1.5725,2.7465,2.6435,2.8495,53.02830188679246,51.066037735849065,55.105769230769226
423,1.624,2.798,2.6950000000000003,2.901,54.00000000000001,52.03773584905662,56.09615384615384
424,1.613,2.787,2.684,2.8899999999999997,53.79245283018869,51.830188679245296,55.88461538461537
425,1.6167,2.7907,2.6877,2.8937,53.8622641509434,51.900000000000006,55.95576923076922
426,1.6159,2.7899,2.6868999999999996,2.8929,53.84716981132076,51.884905660377356,55.94038461538461
427,1.5948,2.7687999999999997,2.6658,2.8718,53.449056603773585,51.486792452830194,55.53461538461538
428,1.604,2.778,2.675,2.8810000000000002,53.62264150943397,51.66037735849057,55.71153846153846
429,1.564,2.738,2.635,2.841,52.86792452830189,50.905660377358494,54.94230769230769
430,1.5997,2.7737,2.6707,2.8766999999999996,53.54150943396227,51.57924528301888,55.62884615384614
431,1.5565,2.7305,2.6275,2.8335,52.72641509433963,50.76415094339623,54.79807692307691
432,1.6342,2.8082000000000003,2.7052,2.9112,54.19245283018869,52.23018867924529,56.29230769230769
433,1.5617,2.7357,2.6327,2.8387000000000002,52.8245283018868,50.862264150943396,54.89807692307692
434,1.5683,2.7423,2.6393,2.8453,52.94905660377359,50.986792452830194,55.02499999999999
435,1.5602,2.7342,2.6311999999999998,2.8372,52.796226415094345,50.83396226415094,54.86923076923077
436,1.6067,2.7807,2.6776999999999997,2.8837,53.673584905660384,51.71132075471698,55.763461538461534
437,1.5872,2.7611999999999997,2.6582,2.8642,53.30566037735849,51.343396226415095,55.38846153846153
438,1.5587,2.7327,2.6296999999999997,2.8357,52.76792452830189,50.80566037735849,54.840384615384615
439,1.6519,2.8259,2.7229,2.9288999999999996,54.526415094339626,52.564150943396236,56.632692307692295
440,1.5817,2.7557,2.6527000000000003,2.8587,53.20188679245284,51.23962264150944,55.2826923076923
441,1.5782,2.7522,2.6492,2.8552,53.13584905660378,51.173584905660384,55.21538461538461
442,1.5205,2.6944999999999997,2.5915,2.7975,52.04716981132076,50.08490566037736,54.105769230769226
443,1.594,2.768,2.665,2.871,53.43396226415095,51.47169811320755,55.51923076923076
444,1.5593,2.7333,2.6303,2.8362999999999996,52.779245283018874,50.816981132075476,54.851923076923065
445,1.5327,2.7066999999999997,2.6037,2.8097,52.27735849056604,50.31509433962265,54.34038461538461
446,1.5704,2.7443999999999997,2.6414,2.8474,52.98867924528302,51.026415094339626,55.06538461538461
447,1.5682,2.7422,2.6391999999999998,2.8452,52.94716981132076,50.98490566037736,55.02307692307692
448,1.5804,2.7544,2.6513999999999998,2.8574,53.17735849056604,51.215094339622645,55.2576923076923
449,1.527,2.7009999999999996,2.598,2.804,52.16981132075472,50.20754716981132,54.23076923076922
450,1.5969,2.7709,2.6679,2.8739,53.48867924528303,51.526415094339626,55.57499999999999
451,1.608,2.782,2.6790000000000003,2.885,53.69811320754718,51.73584905660378,55.788461538461526
452,1.6893,2.8632999999999997,2.7603,2.9663,55.23207547169812,53.26981132075473,57.35192307692307
453,1.6124,2.7864,2.6834,2.8894,53.7811320754717,51.818867924528305,55.87307692307692
454,1.544,2.718,2.615,2.8209999999999997,52.49056603773585,50.52830188679246,54.5576923076923
455,1.5409,2.7149,2.6119,2.8179,52.43207547169812,50.46981132075472,54.498076923076916
456,1.5065,2.6805,2.5774999999999997,2.7835,51.78301886792453,49.82075471698113,53.83653846153846
457,1.5844,2.7584,2.6554,2.8613999999999997,53.252830188679255,51.29056603773586,55.334615384615375
458,1.6053,2.7793,2.6763,2.8823,53.647169811320765,51.68490566037736,55.73653846153845
459,1.5667,2.7407,2.6376999999999997,2.8437,52.91886792452831,50.9566037735849,54.99423076923077
460,1.6216,2.7956,2.6925999999999997,2.8986,53.95471698113208,51.99245283018868,56.05
461,1.6109,2.7849,2.6818999999999997,2.8879,53.752830188679255,51.79056603773585,55.84423076923076
462,1.6059,2.7799,2.6769,2.8829000000000002,53.65849056603774,51.696226415094344,55.74807692307692
463,1.613,2.787,2.684,2.8899999999999997,53.79245283018869,51.830188679245296,55.88461538461537
464,1.5693,2.7432999999999996,2.6403,2.8463,52.967924528301886,51.005660377358495,55.04423076923076
465,1.5911,2.7651,2.6620999999999997,2.8681,53.379245283018875,51.41698113207547,55.46346153846153
466,1.5557,2.7297000000000002,2.6267,2.8327,52.71132075471699,50.74905660377359,54.7826923076923
467,1.4933,2.6673,2.5643000000000002,2.7702999999999998,51.53396226415095,49.57169811320755,53.5826923076923
468,1.5765,2.7504999999999997,2.6475,2.8535,53.10377358490566,51.14150943396227,55.1826923076923
469,1.5335,2.7075,2.6045,2.8105,52.29245283018869,50.33018867924528,54.355769230769226
470,1.5981,2.7721,2.6691000000000003,2.8750999999999998,53.51132075471699,51.54905660377359,55.59807692307691
471,1.6205,2.7945,2.6915,2.8975,53.933962264150956,51.97169811320755,56.028846153846146
472,1.6176,2.7916,2.6886,2.8945999999999996,53.879245283018875,51.91698113207548,55.97307692307691
473,1.6219,2.7958999999999996,2.6929,2.8989,53.96037735849057,51.99811320754718,56.05576923076922
474,1.5753,2.7493,2.6463,2.8522999999999996,53.0811320754717,51.11886792452831,55.15961538461537
475,1.6621,2.8361,2.7331,2.9391,54.71886792452831,52.756603773584914,56.82884615384614
476,1.5669,2.7409,2.6379,2.8438999999999997,52.922641509433966,50.960377358490575,54.99807692307691
477,1.5922,2.7662,2.6632,2.8692,53.400000000000006,51.43773584905661,55.48461538461538
478,1.5369,2.7108999999999996,2.6079,2.8139,52.35660377358491,50.39433962264151,54.421153846153835
479,1.573,2.747,2.644,2.8499999999999996,53.03773584905661,51.07547169811322,55.1153846153846
480,1.4993,2.6733000000000002,2.5703,2.7763,51.647169811320765,49.68490566037736,53.69807692307692
481,1.5559,2.7298999999999998,2.6269,2.8329,52.715094339622645,50.752830188679255,54.786538461538456
482,1.5794,2.7534,2.6504,2.8564,53.15849056603774,51.196226415094344,55.23846153846153
483,1.5875,2.7615,2.6585,2.8644999999999996,53.31132075471699,51.34905660377359,55.39423076923075
484,1.5739,2.7479,2.6449,2.8509,53.05471698113208,51.092452830188684,55.13269230769231
485,1.5652,2.7392,2.6361999999999997,2.8422,52.89056603773585,50.928301886792454,54.96538461538461
486,1.5645,2.7385,2.6355,2.8415,52.877358490566046,50.91509433962265,54.951923076923066
487,1.5693,2.7432999999999996,2.6403,2.8463,52.967924528301886,51.005660377358495,55.04423076923076
488,1.5962,2.7702,2.6672000000000002,2.8731999999999998,53.47547169811321,51.51320754716982,55.56153846153845
489,1.6442,2.8182,2.7152000000000003,2.9212,54.381132075471704,52.418867924528314,56.484615384615374
490,1.6129,2.7869,2.6839,2.8899,53.79056603773586,51.82830188679246,55.8826923076923
491,1.6007,2.7747,2.6717,2.8777,53.56037735849058,51.59811320754717,55.648076923076914
492,1.5792,2.7531999999999996,2.6502,2.8562,53.154716981132076,51.192452830188685,55.234615384615374
493,1.5497,2.7237,2.6207000000000003,2.8266999999999998,52.59811320754717,50.63584905660378,54.66730769230768
494,1.5777,2.7517,2.6487,2.8547000000000002,53.12641509433963,51.16415094339623,55.20576923076923
495,1.6702,2.8442,2.7412,2.9471999999999996,54.87169811320755,52.90943396226416,56.98461538461537
496,1.6466,2.8205999999999998,2.7176,2.9236,54.426415094339625,52.464150943396234,56.530769230769224
497,1.5185,2.6925,2.5895,2.7954999999999997,52.009433962264154,50.047169811320764,54.06730769230768
498,1.6257,2.7996999999999996,2.6967,2.9027,54.032075471698114,52.069811320754724,56.12884615384614
499,1.5179,2.6919,2.5888999999999998,2.7949,51.99811320754718,50.03584905660377,54.05576923076923
500,1.6026,2.7766,2.6736,2.8796,53.59622641509435,51.63396226415095,55.68461538461538
501,1.5488,2.7228,2.6197999999999997,2.8258,52.5811320754717,50.6188679245283,54.65
502,1.5806,2.7546,2.6516,2.8575999999999997,53.1811320754717,51.21886792452831,55.26153846153845
503,1.5808,2.7548,2.6517999999999997,2.8578,53.18490566037736,51.22264150943396,55.26538461538461
504,1.5657,2.7397,2.6367000000000003,2.8427,52.900000000000006,50.937735849056615,54.97499999999999
505,1.5958,2.7698,2.6668000000000003,2.8728,53.46792452830189,51.5056603773585,55.553846153846145
506,1.5763,2.7503,2.6473,2.8533,53.10000000000001,51.13773584905661,55.178846153846145
507,1.613,2.787,2.684,2.8899999999999997,53.79245283018869,51.830188679245296,55.88461538461537
508,1.5424,2.7164,2.6134,2.8194,52.460377358490575,50.49811320754718,54.52692307692307
509,1.5781,2.7521,2.6491,2.8551,53.13396226415095,51.17169811320755,55.21346153846154
510,1.6452,2.8192,2.7161999999999997,2.9222,54.400000000000006,52.43773584905661,56.50384615384615
511,1.5904,2.7644,2.6614,2.8674,53.36603773584907,51.403773584905665,55.449999999999996
512,1.579,2.753,2.65,2.856,53.150943396226424,51.188679245283026,55.23076923076922
513,1.5738,2.7478,2.6448,2.8508,53.052830188679245,51.090566037735854,55.130769230769225
514,1.5882,2.7622,2.6592000000000002,2.8651999999999997,53.3245283018868,51.3622641509434,55.407692307692294
515,1.5264,2.7004,2.5974,2.8034,52.15849056603774,50.196226415094344,54.21923076923076
516,1.5017,2.6757,2.5727,2.7786999999999997,51.692452830188685,49.73018867924529,53.74423076923076
517,1.5681,2.7420999999999998,2.6391,2.8451,52.945283018867926,50.983018867924535,55.02115384615384
518,1.52,2.694,2.591,2.7969999999999997,52.03773584905661,50.07547169811322,54.09615384615383
519,1.5417,2.7157,2.6127000000000002,2.8186999999999998,52.44716981132076,50.484905660377365,54.51346153846153
520,1.5458,2.7198,2.6168,2.8228,52.524528301886804,50.5622641509434,54.592307692307685
521,1.5542,2.7282,2.6252,2.8312,52.68301886792454,50.72075471698113,54.75384615384615
522,1.542,2.716,2.613,2.819,52.45283018867926,50.49056603773585,54.51923076923076
523,1.5117,2.6856999999999998,2.5827,2.7887,51.8811320754717,49.91886792452831,53.936538461538454
524,1.5963,2.7702999999999998,2.6673,2.8733,53.47735849056604,51.51509433962265,55.56346153846153
525,1.5365,2.7104999999999997,2.6075,2.8135,52.34905660377358,50.38679245283019,54.41346153846153
526,1.52,2.694,2.591,2.7969999999999997,52.03773584905661,50.07547169811322,54.09615384615383
527,1.5303,2.7043,2.6013,2.8072999999999997,52.23207547169812,50.26981132075473,54.29423076923076
528,1.5294,2.7034000000000002,2.6004,2.8064,52.21509433962265,50.252830188679255,54.27692307692307
529,1.4914,2.6654,2.5624000000000002,2.7683999999999997,51.49811320754718,49.53584905660378,53.546153846153835
530,1.5742,2.7481999999999998,2.6452,2.8512,53.06037735849057,51.09811320754717,55.138461538461534
531,1.5509,2.7249,2.6219,2.8278999999999996,52.62075471698114,50.65849056603774,54.6903846153846
532,1.4911,2.6651,2.5621,2.7681,51.49245283018868,49.530188679245285,53.54038461538461
533,1.5304,2.7043999999999997,2.6014,2.8074,52.23396226415095,50.27169811320755,54.29615384615384
534,1.5416,2.7156000000000002,2.6126,2.8186,52.44528301886793,50.483018867924535,54.51153846153846
535,1.5206,2.6946,2.5915999999999997,2.7976,52.049056603773586,50.08679245283019,54.107692307692304
536,1.5222,2.6962,2.5932,2.7992,52.07924528301888,50.11698113207547,54.138461538461534
537,1.5129,2.6868999999999996,2.5839,2.7899,51.90377358490566,49.94150943396227,53.959615384615375
538,1.5019,2.6759,2.5728999999999997,2.7789,51.696226415094344,49.73396226415095,53.74807692307692
539,1.4976,2.6715999999999998,2.5686,2.7746,51.615094339622644,49.652830188679246,53.66538461538461
540,1.5412,2.7152,2.6121999999999996,2.8182,52.43773584905661,50.4754716981132,54.50384615384615
541,1.5178,2.6917999999999997,2.5888,2.7948,51.99622641509434,50.03396226415095,54.053846153846145
542,1.4765,2.6505,2.5475,2.7535,51.216981132075475,49.25471698113208,53.25961538461538
543,1.5199,2.6939,2.5909,2.7969,52.03584905660378,50.07358490566038,54.09423076923076
544,1.5458,2.7198,2.6168,2.8228,52.524528301886804,50.5622641509434,54.592307692307685
545,1.4454,2.6193999999999997,2.5164,2.7224,50.63018867924528,48.66792452830189,52.661538461538456
546,1.4771,2.6511,2.5481,2.7541,51.22830188679246,49.26603773584905,53.271153846153844
547,1.5221,2.6961,2.5930999999999997,2.7991,52.07735849056604,50.115094339622644,54.13653846153846
548,1.4292,2.6032,2.5002,2.7062,50.3245283018868,48.362264150943396,52.349999999999994
549,1.5134,2.6874000000000002,2.5844,2.7904,51.91320754716982,49.95094339622642,53.96923076923076
550,1.5056,2.6795999999999998,2.5766,2.7826,51.76603773584905,49.80377358490566,53.819230769230764
551,1.5136,2.6875999999999998,2.5846,2.7906,51.91698113207547,49.95471698113208,53.97307692307692
552,1.4912,2.6652,2.5622,2.7682,51.49433962264151,49.532075471698114,53.542307692307695
553,1.533,2.707,2.604,2.8099999999999996,52.28301886792453,50.32075471698114,54.34615384615383
554,1.5116,2.6856,2.5826000000000002,2.7885999999999997,51.879245283018875,49.91698113207548,53.93461538461538
555,1.4211,2.5951,2.4920999999999998,2.6981,50.17169811320755,48.20943396226415,52.19423076923077
556,1.5109,2.6849,2.5819,2.7878999999999996,51.86603773584906,49.903773584905665,53.921153846153835
557,1.4718,2.6458,2.5427999999999997,2.7488,51.12830188679246,49.16603773584906,53.169230769230765
558,1.5221,2.6961,2.5930999999999997,2.7991,52.07735849056604,50.115094339622644,54.13653846153846
559,1.4902,2.6642,2.5612,2.7672,51.47547169811321,49.51320754716981,53.523076923076914
560,1.4639,2.6379,2.5349,2.7409,50.97924528301888,49.01698113207547,53.01730769230769
561,1.5018,2.6757999999999997,2.5728,2.7788,51.69433962264151,49.73207547169812,53.74615384615384
562,1.4902,2.6642,2.5612,2.7672,51.47547169811321,49.51320754716981,53.523076923076914
563,1.4789,2.6529,2.5499,2.7559,51.262264150943395,49.300000000000004,53.30576923076923
564,1.4522,2.6262,2.5232,2.7291999999999996,50.758490566037736,48.796226415094345,52.79230769230768
565,1.4592,2.6332,2.5302,2.7362,50.89056603773585,48.928301886792454,52.926923076923075
566,1.435,2.609,2.5060000000000002,2.7119999999999997,50.43396226415095,48.47169811320755,52.46153846153845
567,1.4465,2.6205,2.5175,2.7234999999999996,50.65094339622642,48.688679245283026,52.68269230769229
568,1.4516,2.6256,2.5225999999999997,2.7286,50.74716981132076,48.784905660377355,52.78076923076923
569,1.4874,2.6614,2.5584,2.7644,51.422641509433966,49.46037735849057,53.46923076923077
570,1.4876,2.6616,2.5586,2.7645999999999997,51.426415094339625,49.464150943396234,53.47307692307692
571,1.38,2.554,2.4509999999999996,2.657,49.39622641509434,47.433962264150935,51.40384615384615
572,1.4432,2.6172,2.5141999999999998,2.7202,50.58867924528302,48.62641509433962,52.61923076923077
573,1.4515,2.6254999999999997,2.5225,2.7285,50.74528301886792,48.78301886792453,52.778846153846146
574,1.4844,2.6584,2.5553999999999997,2.7614,51.36603773584906,49.40377358490566,53.411538461538456
575,1.4824,2.6563999999999997,2.5534,2.7594,51.32830188679245,49.36603773584906,53.373076923076916
576,1.4607,2.6347,2.5317,2.7377000000000002,50.91886792452831,48.9566037735849,52.955769230769235
577,1.4518,2.6258,2.5228,2.7287999999999997,50.75094339622642,48.78867924528303,52.78461538461538
578,1.4362,2.6102,2.5072,2.7131999999999996,50.4566037735849,48.49433962264151,52.484615384615374
579,1.4631,2.6371,2.5341,2.7401,50.964150943396234,49.00188679245284,53.00192307692307
580,1.382,2.556,2.453,2.659,49.43396226415095,47.471698113207545,51.442307692307686
581,1.5252,2.6992,2.5961999999999996,2.8022,52.135849056603774,50.17358490566038,54.19615384615384
582,1.4214,2.5953999999999997,2.4924,2.6984,50.177358490566036,48.215094339622645,52.199999999999996
583,1.3931,2.5671,2.4641,2.6700999999999997,49.64339622641509,47.6811320754717,51.655769230769224
584,1.4281,2.6021,2.4991,2.7051,50.30377358490566,48.341509433962266,52.32884615384614
585,1.4398,2.6138,2.5107999999999997,2.7168,50.5245283018868,48.56226415094339,52.55384615384615
586,1.4265,2.6005000000000003,2.4975,2.7035,50.273584905660385,48.31132075471699,52.29807692307692
587,1.3695,2.5435,2.4405,2.6464999999999996,49.198113207547166,47.235849056603776,51.201923076923066
588,1.4281,2.6021,2.4991,2.7051,50.30377358490566,48.341509433962266,52.32884615384614
589,1.4877,2.6616999999999997,2.5587,2.7647,51.428301886792454,49.466037735849056,53.474999999999994
590,1.4932,2.6672000000000002,2.5642,2.7702,51.53207547169812,49.569811320754724,53.58076923076923
591,1.3924,2.5664,2.4634,2.6694,49.63018867924528,47.66792452830189,51.64230769230769
592,1.42,2.594,2.4909999999999997,2.697,50.15094339622642,48.18867924528301,52.17307692307692
593,1.4039,2.5778999999999996,2.4749,2.6809,49.847169811320754,47.884905660377356,51.863461538461536
594,1.3622,2.5362,2.4332000000000003,2.6391999999999998,49.06037735849057,47.09811320754718,51.061538461538454
595,1.4404,2.6144,2.5114,2.7173999999999996,50.53584905660377,48.57358490566038,52.5653846153846
596,1.4538,2.6277999999999997,2.5248,2.7308,50.78867924528302,48.82641509433962,52.82307692307692
597,1.3799,2.5538999999999996,2.4509,2.6569,49.3943396226415,47.43207547169811,51.40192307692307
598,1.363,2.537,2.434,2.6399999999999997,49.075471698113205,47.113207547169814,51.076923076923066
599,1.417,2.591,2.488,2.694,50.09433962264151,48.132075471698116,52.11538461538461
600,1.4034,2.5774,2.4744,2.6803999999999997,49.83773584905661,47.875471698113216,51.85384615384614
601,1.3848,2.5587999999999997,2.4558,2.6618,49.48679245283019,47.5245283018868,51.496153846153845
602,1.3219,2.4959,2.3929,2.5989,48.3,46.33773584905661,50.28653846153846
603,1.3513,2.5252999999999997,2.4223,2.6283,48.85471698113207,46.89245283018868,50.85192307692307
604,1.3611,2.5351,2.4321,2.6380999999999997,49.03962264150943,47.07735849056604,51.04038461538461
605,1.4079,2.5819,2.4789,2.6849,49.922641509433966,47.96037735849057,51.94038461538461
606,1.3742,2.5482,2.4452,2.6512000000000002,49.28679245283019,47.324528301886794,51.292307692307695
607,1.4064,2.5804,2.4774000000000003,2.6834,49.89433962264151,47.93207547169812,51.911538461538456
608,1.3382,2.5122,2.4092000000000002,2.6151999999999997,48.60754716981132,46.64528301886793,50.599999999999994
609,1.3799,2.5538999999999996,2.4509,2.6569,49.3943396226415,47.43207547169811,51.40192307692307
610,1.3649,2.5389,2.4359,2.6418999999999997,49.111320754716985,47.14905660377359,51.11346153846153
611,1.3959,2.5698999999999996,2.4669,2.6729,49.69622641509434,47.73396226415095,51.709615384615375
612,1.3778,2.5518,2.4488,2.6548,49.35471698113208,47.39245283018868,51.36153846153846
613,1.3089,2.4829,2.3799,2.5858999999999996,48.054716981132074,46.092452830188684,50.036538461538456
614,1.3346,2.5086,2.4055999999999997,2.6116,48.53962264150943,46.577358490566034,50.53076923076923
615,1.3513,2.5252999999999997,2.4223,2.6283,48.85471698113207,46.89245283018868,50.85192307692307
616,1.4105,2.5845000000000002,2.4815,2.6875,49.97169811320755,48.009433962264154,51.99038461538461
617,1.3654,2.5393999999999997,2.4364,2.6424,49.120754716981125,47.158490566037734,51.123076923076916
618,1.3857,2.5597,2.4566999999999997,2.6627,49.50377358490566,47.54150943396226,51.513461538461534
619,1.3771,2.5511,2.4481,2.6540999999999997,49.341509433962266,47.379245283018875,51.34807692307692
620,1.3854,2.5594,2.4564,2.6624,49.49811320754718,47.53584905660377,51.5076923076923
621,1.3097,2.4837,2.3807,2.5867,48.06981132075472,46.10754716981132,50.051923076923075
622,1.3376,2.5115999999999996,2.4086,2.6146,48.596226415094335,46.63396226415094,50.58846153846153
623,1.3737,2.5477,2.4447,2.6506999999999996,49.27735849056604,47.31509433962265,51.2826923076923
624,1.4002,2.5742,2.4711999999999996,2.6772,49.77735849056604,47.81509433962264,51.79230769230769
625,1.3275,2.5015,2.3985,2.6045,48.405660377358494,46.44339622641509,50.39423076923077
626,1.3343,2.5083,2.4053,2.6113,48.53396226415095,46.571698113207546,50.525
627,1.4178,2.5918,2.4888,2.6948,50.109433962264156,48.14716981132076,52.130769230769225
628,1.3204,2.4943999999999997,2.3914,2.5974,48.27169811320754,46.30943396226415,50.2576923076923
629,1.3746,2.5486,2.4455999999999998,2.6516,49.29433962264151,47.33207547169811,51.3
630,1.2978,2.4718,2.3688000000000002,2.5747999999999998,47.845283018867924,45.883018867924534,49.82307692307692
631,1.4328,2.6068,2.5038,2.7098,50.39245283018868,48.43018867924528,52.419230769230765
632,1.3681,2.5421,2.4391,2.6451000000000002,49.17169811320755,47.20943396226415,51.175000000000004
633,1.329,2.503,2.4,2.606,48.43396226415095,46.471698113207545,50.42307692307692
634,1.394,2.5679999999999996,2.465,2.671,49.660377358490564,47.698113207547166,51.67307692307692
635,1.3844,2.5584,2.4554,2.6614,49.47924528301887,47.51698113207547,51.488461538461536
636,1.3552,2.5292,2.4261999999999997,2.6322,48.928301886792454,46.96603773584905,50.926923076923075
637,1.3808,2.5548,2.4518,2.6578,49.41132075471699,47.449056603773585,51.419230769230765
638,1.3367,2.5107,2.4077,2.6136999999999997,48.57924528301887,46.61698113207547,50.57115384615384
639,1.3366,2.5106,2.4076,2.6136,48.57735849056604,46.615094339622644,50.569230769230764
640,1.3209,2.4949,2.3918999999999997,2.5979,48.281132075471696,46.3188679245283,50.267307692307696
641,1.3587,2.5327,2.4297,2.6357,48.99433962264151,47.032075471698114,50.99423076923077
642,1.3555,2.5294999999999996,2.4265,2.6325,48.933962264150935,46.971698113207545,50.9326923076923
643,1.3519,2.5259,2.4229000000000003,2.6289,48.86603773584906,46.903773584905665,50.863461538461536
644,1.2889,2.4629,2.3598999999999997,2.5659,47.677358490566036,45.71509433962264,49.651923076923076
645,1.3718,2.5458,2.4428,2.6487999999999996,49.241509433962264,47.279245283018874,51.24615384615384
646,1.3002,2.4741999999999997,2.3712,2.5772,47.890566037735844,45.928301886792454,49.86923076923077
647,1.4369,2.6109,2.5079000000000002,2.7138999999999998,50.46981132075472,48.50754716981133,52.498076923076916
648,1.3357,2.5097,2.4067,2.6127000000000002,48.56037735849057,46.598113207547165,50.55192307692308
649,1.3709,2.5449,2.4419,2.6479,49.2245283018868,47.262264150943395,51.22884615384615
650,1.3466,2.5206,2.4176,2.6235999999999997,48.76603773584905,46.80377358490566,50.76153846153846
651,1.3372,2.5111999999999997,2.4082,2.6142,48.58867924528301,46.62641509433962,50.58076923076923
652,1.3438,2.5178000000000003,2.4148,2.6208,48.713207547169816,46.75094339622642,50.707692307692305
653,1.383,2.557,2.4539999999999997,2.66,49.45283018867924,47.490566037735846,51.46153846153846
654,1.3209,2.4949,2.3918999999999997,2.5979,48.281132075471696,46.3188679245283,50.267307692307696
655,1.2966,2.4706,2.3676,2.5736,47.822641509433964,45.86037735849057,49.8
656,1.3686,2.5426,2.4396,2.6456,49.1811320754717,47.218867924528304,51.184615384615384
657,1.2862,2.4602,2.3571999999999997,2.5632,47.62641509433962,45.66415094339622,49.6
658,1.2976,2.4716,2.3686,2.5746,47.841509433962266,45.87924528301886,49.81923076923077
659,1.3265,2.5004999999999997,2.3975,2.6035,48.386792452830186,46.424528301886795,50.375
660,1.2637,2.4377,2.3346999999999998,2.5407,47.20188679245283,45.23962264150943,49.167307692307695
661,1.3379,2.5119,2.4089,2.6149,48.60188679245283,46.63962264150943,50.59423076923077
662,1.3183,2.4923,2.3893,2.5953,48.23207547169812,46.26981132075472,50.21730769230769
663,1.3337,2.5077,2.4047,2.6107,48.52264150943396,46.56037735849057,50.513461538461534
664,1.2799,2.4539,2.3509,2.5568999999999997,47.50754716981132,45.54528301886793,49.47884615384615
665,1.267,2.441,2.338,2.5439999999999996,47.264150943396224,45.301886792452834,49.23076923076922
666,1.3038,2.4778000000000002,2.3748,2.5808,47.95849056603774,45.99622641509434,49.93846153846154
667,1.2715,2.4455,2.3425000000000002,2.5484999999999998,47.34905660377358,45.38679245283019,49.317307692307686
668,1.3631,2.5370999999999997,2.4341,2.6401,49.077358490566034,47.115094339622644,51.07884615384615
669,1.2453,2.4193,2.3163,2.5223,46.85471698113207,44.89245283018868,48.81346153846154
670,1.2774,2.4514,2.3484,2.5544000000000002,47.46037735849057,45.49811320754716,49.430769230769236
671,1.289,2.463,2.36,2.566,47.67924528301887,45.71698113207547,49.653846153846146
672,1.2718,2.4458,2.3428,2.5488,47.35471698113208,45.39245283018868,49.32307692307692
673,1.2806,2.4546,2.3516,2.5576,47.52075471698113,45.55849056603773,49.49230769230769
674,1.2744,2.4484,2.3453999999999997,2.5514,47.40377358490566,45.44150943396226,49.37307692307692
675,1.2917,2.4657,2.3627000000000002,2.5686999999999998,47.73018867924528,45.76792452830189,49.70576923076923
676,1.2986,2.4726,2.3696,2.5755999999999997,47.86037735849057,45.89811320754717,49.83846153846153
677,1.2933,2.4673,2.3643,2.5702999999999996,47.760377358490565,45.79811320754717,49.73653846153845
678,1.3108,2.4848,2.3818,2.5877999999999997,48.09056603773585,46.12830188679246,50.07307692307691
679,1.2888,2.4627999999999997,2.3598,2.5658,47.6754716981132,45.71320754716981,49.65
680,1.2009,2.3749000000000002,2.2719,2.4779,46.01698113207547,44.054716981132074,47.95961538461538
681,1.2436,2.4176,2.3146,2.5206,46.822641509433964,44.86037735849057,48.78076923076923
682,1.2174,2.3914,2.2884,2.4943999999999997,46.32830188679245,44.36603773584906,48.27692307692307
683,1.2482,2.4222,2.3192,2.5252,46.90943396226415,44.947169811320755,48.86923076923077
684,1.3242,2.4981999999999998,2.3952,2.6012,48.34339622641509,46.3811320754717,50.33076923076923
685,1.2211,2.3951000000000002,2.2921,2.4981,46.39811320754717,44.43584905660377,48.348076923076924
686,1.2192,2.3932,2.2902,2.4962,46.362264150943396,44.4,48.31153846153846
687,1.14,2.314,2.211,2.417,44.867924528301884,42.90566037735849,46.78846153846153
688,1.2399,2.4139,2.3109,2.5168999999999997,46.75283018867924,44.79056603773585,48.709615384615375
689,1.261,2.4349999999999996,2.332,2.538,47.15094339622641,45.18867924528301,49.11538461538461
690,1.3211,2.4951,2.3921,2.5980999999999996,48.284905660377355,46.322641509433964,50.27115384615384
691,1.2037,2.3777,2.2747,2.4806999999999997,46.06981132075472,44.10754716981132,48.013461538461534
692,1.296,2.4699999999999998,2.367,2.573,47.811320754716974,45.84905660377358,49.78846153846153
693,1.2449,2.4189,2.3159,2.5218999999999996,46.847169811320754,44.884905660377356,48.80576923076922
694,1.2436,2.4176,2.3146,2.5206,46.822641509433964,44.86037735849057,48.78076923076923
695,1.2036,2.3776,2.2746,2.4806,46.06792452830189,44.10566037735849,48.01153846153846
696,1.2265,2.4005,2.2975,2.5035,46.5,44.5377358490566,48.45192307692307
697,1.235,2.409,2.306,2.512,46.660377358490564,44.698113207547166,48.61538461538461
698,1.2063,2.3803,2.2773,2.4833,46.1188679245283,44.1566037735849,48.06346153846154
699,1.2263,2.4002999999999997,2.2973,2.5033,46.496226415094334,44.53396226415094,48.44807692307692
700,1.21,2.384,2.2809999999999997,2.487,46.18867924528301,44.226415094339615,48.13461538461539
701,1.1544,2.3284000000000002,2.2254,2.4314,45.13962264150943,43.177358490566036,47.065384615384616
702,1.217,2.391,2.2880000000000003,2.4939999999999998,46.32075471698113,44.35849056603774,48.26923076923077
703,1.2029,2.3769,2.2739000000000003,2.4798999999999998,46.054716981132074,44.092452830188684,47.998076923076916
704,1.2215,2.3955,2.2925,2.4985,46.405660377358494,44.44339622641509,48.355769230769226
705,1.25,2.424,2.3209999999999997,2.527,46.94339622641509,44.98113207547169,48.90384615384615
706,1.2008,2.3748,2.2718,2.4778000000000002,46.01509433962264,44.05283018867924,47.95769230769231
707,1.2331,2.4071,2.3041,2.5101,46.624528301886784,44.66226415094339,48.57884615384615
708,1.2006,2.3746,2.2716,2.4776,46.01132075471698,44.04905660377358,47.95384615384615
709,1.1765,2.3505000000000003,2.2475,2.4535,45.55660377358491,43.594339622641506,47.49038461538461
710,1.2565,2.4305,2.3274999999999997,2.5335,47.06603773584905,45.10377358490565,49.02884615384615
711,1.1811,2.3551,2.2521,2.4581,45.64339622641509,43.681132075471695,47.57884615384615
712,1.2386,2.4126,2.3095999999999997,2.5156,46.72830188679245,44.766037735849046,48.684615384615384
713,1.2849,2.4589,2.3559,2.5618999999999996,47.60188679245283,45.63962264150943,49.57499999999999
714,1.1078,2.2817999999999996,2.1788,2.3848,44.26037735849055,42.29811320754716,46.169230769230765
715,1.1997,2.3737,2.2706999999999997,2.4767,45.994339622641505,44.03207547169811,47.93653846153846
716,1.1707,2.3447,2.2417,2.4477,45.447169811320755,43.48490566037735,47.37884615384616
717,1.1897,2.3636999999999997,2.2607,2.4667,45.805660377358485,43.84339622641509,47.74423076923077
718,1.2708,2.4448,2.3418,2.5477999999999996,47.33584905660377,45.37358490566038,49.303846153846145
719,1.2492,2.4232,2.3202,2.5262000000000002,46.928301886792454,44.96603773584905,48.88846153846154
720,1.2192,2.3932,2.2902,2.4962,46.362264150943396,44.4,48.31153846153846
721,1.2804,2.4543999999999997,2.3514,2.5574,47.516981132075465,45.554716981132074,49.488461538461536
722,1.2968,2.4707999999999997,2.3678,2.5738,47.826415094339616,45.864150943396226,49.80384615384615
723,1.2278,2.4017999999999997,2.2988,2.5048,46.52452830188678,44.56226415094339,48.47692307692307
724,1.2065,2.3804999999999996,2.2775,2.4835,46.122641509433954,44.160377358490564,48.067307692307686
725,1.222,2.396,2.293,2.4989999999999997,46.41509433962264,44.45283018867924,48.365384615384606
726,1.1264,2.3004,2.1974,2.4034,44.61132075471697,42.64905660377358,46.526923076923076
727,1.1229,2.2969,2.1939,2.3998999999999997,44.54528301886792,42.58301886792453,46.45961538461538
728,1.1568,2.3308,2.2278000000000002,2.4337999999999997,45.18490566037735,43.22264150943396,47.11153846153846
729,1.2248,2.3988,2.2958,2.5018000000000002,46.467924528301886,44.50566037735849,48.41923076923077
730,1.1758,2.3498,2.2468,2.4528,45.54339622641509,43.58113207547169,47.47692307692307
731,1.1668,2.3407999999999998,2.2378,2.4438,45.37358490566037,43.411320754716975,47.30384615384615
732,1.168,2.3419999999999996,2.239,2.445,45.39622641509433,43.433962264150935,47.32692307692307
733,1.1844,2.3583999999999996,2.2554,2.4614,45.705660377358484,43.743396226415086,47.64230769230769
734,1.1033,2.2773,2.1742999999999997,2.3803,44.1754716981132,42.2132075471698,46.08269230769231
735,1.1851,2.3590999999999998,2.2561,2.4621,45.7188679245283,43.7566037735849,47.65576923076923
736,1.2368,2.4108,2.3078,2.5138,46.69433962264151,44.73207547169811,48.65
737,1.1776,2.3516,2.2485999999999997,2.4546,45.577358490566034,43.61509433962263,47.511538461538464
738,1.1688,2.3428,2.2398,2.4458,45.411320754716975,43.44905660377358,47.3423076923077
739,1.1801,2.3541,2.2511,2.4570999999999996,45.624528301886784,43.66226415094339,47.55961538461538
740,1.1997,2.3737,2.2706999999999997,2.4767,45.994339622641505,44.03207547169811,47.93653846153846
741,1.1463,2.3203,2.2173,2.4233000000000002,44.98679245283019,43.02452830188678,46.90961538461539
742,1.1614,2.3354,2.2324,2.4383999999999997,45.27169811320754,43.30943396226415,47.199999999999996
743,1.1582,2.3322,2.2291999999999996,2.4352,45.21132075471697,43.249056603773575,47.13846153846154
744,1.2009,2.3749000000000002,2.2719,2.4779,46.01698113207547,44.054716981132074,47.95961538461538
745,1.1599,2.3339,2.2309,2.4368999999999996,45.243396226415086,43.281132075471696,47.17115384615384
746,1.1591,2.3331,2.2301,2.4360999999999997,45.22830188679245,43.26603773584905,47.155769230769224
747,1.1632,2.3372,2.2342,2.4402,45.30566037735849,43.34339622641509,47.23461538461538
748,1.1936,2.3676,2.2645999999999997,2.4706,45.87924528301886,43.91698113207546,47.81923076923077
749,1.1159,2.2899,2.1868999999999996,2.3929,44.413207547169804,42.45094339622641,46.325
750,1.2229,2.3969,2.2939,2.4999000000000002,46.43207547169811,44.469811320754715,48.38269230769231
751,1.092,2.266,2.1630000000000003,2.3689999999999998,43.96226415094339,42.0,45.86538461538461
752,1.1746,2.3486000000000002,2.2456,2.4516,45.52075471698113,43.55849056603773,47.45384615384616
753,1.1643,2.3383,2.2352999999999996,2.4413,45.326415094339616,43.36415094339622,47.25576923076923
754,1.1102,2.2842000000000002,2.1812,2.3872,44.30566037735849,42.34339622641509,46.215384615384615
755,1.1691,2.3430999999999997,2.2401,2.4461,45.41698113207546,43.45471698113207,47.348076923076924
756,1.108,2.282,2.1790000000000003,2.385,44.264150943396224,42.301886792452834,46.17307692307692
757,1.144,2.3179999999999996,2.215,2.421,44.94339622641508,42.98113207547169,46.86538461538461
758,1.1539,2.3278999999999996,2.2249,2.4309,45.13018867924527,43.16792452830188,47.05576923076923
759,1.1756,2.3495999999999997,2.2466,2.4526,45.539622641509425,43.577358490566034,47.473076923076924
760,1.1078,2.2817999999999996,2.1788,2.3848,44.26037735849055,42.29811320754716,46.169230769230765
761,1.1453,2.3193,2.2163,2.4223,44.967924528301886,43.00566037735849,46.89038461538461
762,1.1054,2.2794,2.1764,2.3823999999999996,44.21509433962264,42.25283018867924,46.123076923076916
763,1.1361,2.3101000000000003,2.2071,2.4131,44.79433962264151,42.83207547169811,46.71346153846154
764,1.1159,2.2899,2.1868999999999996,2.3929,44.413207547169804,42.45094339622641,46.325
765,1.1067,2.2807,2.1776999999999997,2.3837,44.23962264150943,42.27735849056603,46.14807692307693
766,1.1403,2.3143000000000002,2.2113,2.4173,44.87358490566038,42.911320754716975,46.79423076923077
767,1.1125,2.2865,2.1835,2.3895,44.34905660377358,42.386792452830186,46.25961538461539
768,1.1208,2.2948,2.1917999999999997,2.3978,44.50566037735849,42.543396226415084,46.41923076923077
769,1.1153,2.2893,2.1863,2.3922999999999996,44.40188679245282,42.43962264150943,46.31346153846153
770,1.1396,2.3136,2.2106,2.4166,44.86037735849057,42.89811320754716,46.78076923076923
771,1.0679,2.2419000000000002,2.1389,2.3449,43.50754716981132,41.54528301886792,45.40192307692308
772,1.1011,2.2751,2.1721,2.3781,44.13396226415094,42.17169811320754,46.04038461538462
773,1.0214,2.1954000000000002,2.0924,2.2984,42.63018867924528,40.66792452830188,44.50769230769231
774,1.0493,2.2233,2.1203,2.3263,43.1566037735849,41.1943396226415,45.044230769230765
775,1.0885,2.2625,2.1595,2.3655,43.89622641509434,41.933962264150935,45.79807692307693
776,1.1279,2.3019,2.1989,2.4048999999999996,44.639622641509426,42.677358490566036,46.55576923076922
777,1.0809,2.2549,2.1519,2.3579,43.75283018867924,41.79056603773584,45.651923076923076
778,1.1557,2.3297,2.2267,2.4326999999999996,45.16415094339622,43.20188679245283,47.09038461538461
779,1.0958,2.2698,2.1668000000000003,2.3728,44.03396226415094,42.071698113207546,45.93846153846154
780,1.0355,2.2095000000000002,2.1065,2.3125,42.89622641509434,40.933962264150935,44.77884615384616
781,1.1208,2.2948,2.1917999999999997,2.3978,44.50566037735849,42.543396226415084,46.41923076923077
782,1.0441,2.2180999999999997,2.1151,2.3211,43.058490566037726,41.096226415094335,44.94423076923077
783,1.0447,2.2187,2.1157,2.3217,43.06981132075472,41.10754716981131,44.955769230769235
784,1.0846,2.2586,2.1555999999999997,2.3616,43.82264150943396,41.86037735849055,45.72307692307693
785,1.0704,2.2443999999999997,2.1414,2.3474,43.55471698113207,41.59245283018868,45.45
786,1.0696,2.2436,2.1406,2.3466,43.539622641509425,41.577358490566034,45.434615384615384
787,1.022,2.1959999999999997,2.093,2.299,42.641509433962256,40.67924528301886,44.519230769230774
788,1.0928,2.2668,2.1638,2.3697999999999997,43.97735849056603,42.01509433962264,45.880769230769225
789,1.0785,2.2525,2.1494999999999997,2.3555,43.70754716981131,41.745283018867916,45.60576923076923
790,1.0673,2.2413,2.1383,2.3442999999999996,43.496226415094334,41.53396226415094,45.39038461538461
791,1.0777,2.2517,2.1487,2.3547000000000002,43.69245283018868,41.73018867924527,45.59038461538462
792,1.007,2.181,2.078,2.284,42.35849056603773,40.39622641509433,44.23076923076923
793,1.046,2.2199999999999998,2.117,2.323,43.0943396226415,41.13207547169811,44.98076923076923
794,1.0334,2.2074,2.1044,2.3104,42.856603773584894,40.8943396226415,44.73846153846154
795,0.98157,2.15557,2.0525700000000002,2.2585699999999997,41.87867924528301,39.91641509433962,43.74173076923077
796,1.1095,2.2835,2.1805,2.3865,44.29245283018868,42.330188679245275,46.20192307692307
797,0.98674,2.1607399999999997,2.05774,2.26374,41.976226415094324,40.01396226415093,43.841153846153844
798,1.0295,2.2035,2.1005000000000003,2.3064999999999998,42.783018867924525,40.82075471698113,44.66346153846154
799,1.0516,2.2256,2.1226000000000003,2.3286,43.199999999999996,41.237735849056605,45.08846153846154
800,1.0456,2.2196,2.1166,2.3226,43.08679245283018,41.124528301886784,44.973076923076924
801,1.064,2.238,2.135,2.341,43.433962264150935,41.47169811320754,45.32692307692308
802,1.0865,2.2605,2.1574999999999998,2.3635,43.85849056603773,41.89622641509433,45.75961538461539
803,1.0356,2.2096,2.1066000000000003,2.3125999999999998,42.89811320754716,40.93584905660377,44.78076923076923
804,1.0273,2.2013,2.0983,2.3043,42.74150943396226,40.77924528301886,44.62115384615385
805,1.0764,2.2504,2.1474,2.3533999999999997,43.66792452830188,41.70566037735849,45.565384615384616
806,1.0651,2.2390999999999996,2.1361,2.3421,43.454716981132066,41.49245283018867,45.348076923076924
807,1.0286,2.2026,2.0995999999999997,2.3056,42.766037735849046,40.80377358490565,44.64615384615385
808,1.0193,2.1933,2.0903,2.2963,42.59056603773584,40.62830188679245,44.4673076923077
809,0.98557,2.15957,2.05657,2.2625699999999997,41.95415094339622,39.99188679245282,43.81865384615384
810,1.0569,2.2309,2.1279,2.3339,43.3,41.3377358490566,45.190384615384616
811,1.1538,2.3278,2.2248,2.4307999999999996,45.12830188679245,43.16603773584905,47.053846153846145
812,1.021,2.195,2.0919999999999996,2.298,42.622641509433954,40.66037735849055,44.50000000000001
813,1.02,2.194,2.091,2.2969999999999997,42.60377358490565,40.64150943396226,44.480769230769226
814,1.068,2.242,2.1390000000000002,2.3449999999999998,43.50943396226415,41.54716981132076,45.40384615384615
815,1.0667,2.2407,2.1376999999999997,2.3437,43.48490566037735,41.52264150943395,45.37884615384616
816,1.0694,2.2434,2.1403999999999996,2.3464,43.535849056603766,41.57358490566037,45.430769230769236
817,1.0074,2.1814,2.0784000000000002,2.2843999999999998,42.36603773584905,40.40377358490566,44.238461538461536
818,1.074,2.248,2.145,2.351,43.62264150943396,41.660377358490564,45.519230769230774
819,1.0533,2.2272999999999996,2.1243,2.3303,43.2320754716981,41.269811320754705,45.121153846153845
820,0.99438,2.16838,2.06538,2.2713799999999997,42.12037735849056,40.15811320754717,43.988076923076925
821,1.116,2.29,2.1870000000000003,2.393,44.41509433962264,42.45283018867924,46.32692307692307
822,1.0773,2.2512999999999996,2.1483,2.3543,43.684905660377346,41.722641509433956,45.582692307692305
823,1.0405,2.2145,2.1115,2.3175,42.990566037735846,41.02830188679245,44.875
824,1.0671,2.2411,2.1380999999999997,2.3441,43.49245283018867,41.53018867924527,45.386538461538464
825,1.0424,2.2164,2.1134,2.3194,43.02641509433962,41.06415094339622,44.91153846153846
826,1.0807,2.2546999999999997,2.1517,2.3577,43.749056603773575,41.786792452830184,45.64807692307692
827,1.0048,2.1788,2.0758,2.2817999999999996,42.31698113207546,40.35471698113207,44.18846153846153
828,1.0984,2.2724,2.1694,2.3754,44.08301886792453,42.120754716981125,45.98846153846154
829,0.97747,2.1514699999999998,2.04847,2.25447,41.80132075471697,39.83905660377358,43.66288461538462
830,1.0355,2.2095000000000002,2.1065,2.3125,42.89622641509434,40.933962264150935,44.77884615384616
831,1.0294,2.2034000000000002,2.1004,2.3064,42.781132075471696,40.8188679245283,44.66153846153846
832,1.0127,2.1867,2.0837,2.2897,42.46603773584905,40.50377358490565,44.340384615384615
833,1.0001,2.1741,2.0711,2.2771,42.22830188679245,40.266037735849046,44.098076923076924
834,1.0236,2.1976,2.0946,2.3006,42.67169811320754,40.70943396226414,44.550000000000004
835,1.0574,2.2314,2.1284,2.3343999999999996,43.309433962264144,41.347169811320754,45.199999999999996
836,1.0658,2.2398,2.1368,2.3428,43.46792452830188,41.50566037735849,45.361538461538466
837,1.049,2.223,2.12,2.3259999999999996,43.15094339622641,41.18867924528301,45.03846153846153
838,1.1009,2.2748999999999997,2.1719,2.3779,44.13018867924527,42.16792452830188,46.03653846153846
839,1.0631,2.2371,2.1341,2.3400999999999996,43.41698113207546,41.45471698113207,45.30961538461538
840,1.0734,2.2474,2.1444,2.3503999999999996,43.61132075471697,41.64905660377358,45.5076923076923
841,1.0299,2.2039,2.1009,2.3068999999999997,42.79056603773584,40.82830188679245,44.67115384615384
842,1.0663,2.2403,2.1372999999999998,2.3433,43.47735849056603,41.51509433962263,45.37115384615385
843,1.0062,2.1802,2.0772,2.2832,42.34339622641509,40.38113207547169,44.215384615384615
844,1.0267,2.2007,2.0976999999999997,2.3037,42.73018867924527,40.767924528301876,44.60961538461539
845,1.0025,2.1765,2.0735,2.2794999999999996,42.27358490566037,40.311320754716974,44.14423076923077
846,1.0099,2.1839,2.0808999999999997,2.2869,42.413207547169804,40.45094339622641,44.28653846153847
847,1.0829,2.2569,2.1539,2.3598999999999997,43.79056603773584,41.82830188679245,45.69038461538461
848,1.0652,2.2392,2.1361999999999997,2.3422,43.456603773584895,41.4943396226415,45.35
849,1.0623,2.2363,2.1333,2.3392999999999997,43.40188679245282,41.43962264150943,45.294230769230765
850,1.0578,2.2318,2.1288,2.3348,43.31698113207546,41.35471698113207,45.20769230769231
851,1.0254,2.1994,2.0964,2.3024,42.705660377358484,40.743396226415086,44.58461538461539
852,1.0385,2.2125,2.1094999999999997,2.3155,42.952830188679236,40.99056603773584,44.83653846153847
853,1.0553,2.2293,2.1262999999999996,2.3323,43.269811320754705,41.30754716981131,45.159615384615385
854,1.0237,2.1977,2.0947,2.3007,42.67358490566038,40.71132075471697,44.55192307692308
855,1.0491,2.2230999999999996,2.1201,2.3261,43.15283018867923,41.19056603773584,45.04038461538462
856,1.0266,2.2005999999999997,2.0976,2.3036,42.72830188679244,40.766037735849046,44.60769230769231
857,1.0957,2.2697,2.1666999999999996,2.3727,44.03207547169811,42.0698113207547,45.93653846153846
858,1.1006,2.2746,2.1715999999999998,2.3776,44.124528301886784,42.162264150943386,46.03076923076924
859,1.0618,2.2358000000000002,2.1328,2.3388,43.39245283018868,41.430188679245276,45.284615384615385
860,1.0715,2.2455,2.1425,2.3484999999999996,43.5754716981132,41.61320754716981,45.47115384615384
861,1.0292,2.2032,2.1002,2.3061999999999996,42.77735849056603,40.81509433962264,44.6576923076923
862,1.0296,2.2036,2.1006,2.3066,42.78490566037735,40.82264150943396,44.66538461538462
863,1.0677,2.2417,2.1387,2.3447,43.50377358490565,41.54150943396226,45.39807692307693
864,1.0395,2.2135,2.1105,2.3165,42.97169811320754,41.00943396226415,44.85576923076923
865,0.99622,2.17022,2.06722,2.27322,42.155094339622636,40.19283018867924,44.02346153846154
866,1.0573,2.2313,2.1283,2.3343,43.307547169811315,41.34528301886792,45.198076923076925
867,1.0604,2.2344,2.1314,2.3373999999999997,43.36603773584905,41.40377358490566,45.2576923076923
868,1.0755,2.2495,2.1464999999999996,2.3525,43.65094339622641,41.688679245283005,45.54807692307693
869,1.0587,2.2327,2.1296999999999997,2.3357,43.333962264150934,41.371698113207536,45.22500000000001
870,1.0824,2.2564,2.1534,2.3594,43.781132075471696,41.8188679245283,45.68076923076923
871,1.0828,2.2568,2.1538,2.3598,43.788679245283014,41.826415094339616,45.68846153846154
872,1.0675,2.2415,2.1384999999999996,2.3445,43.49999999999999,41.53773584905659,45.394230769230774
873,1.0549,2.2289,2.1258999999999997,2.3319,43.26226415094339,41.29999999999999,45.15192307692308
874,1.0475,2.2215,2.1185,2.3245,43.122641509433954,41.160377358490564,45.00961538461539
875,1.0323,2.2062999999999997,2.1033,2.3093,42.83584905660376,40.87358490566037,44.71730769230769
876,1.0359,2.2099,2.1069,2.3129,42.90377358490566,40.94150943396226,44.78653846153846
877,1.0176,2.1916,2.0886,2.2946,42.55849056603773,40.596226415094335,44.434615384615384
878,1.0119,2.1859,2.0829,2.2889,42.450943396226414,40.48867924528301,44.325
879,1.0591,2.2331,2.1300999999999997,2.3361,43.34150943396226,41.379245283018854,45.23269230769231
880,1.0069,2.1809,2.0778999999999996,2.2839,42.356603773584894,40.394339622641496,44.228846153846156
881,1.0132,2.1872,2.0842,2.2902,42.475471698113196,40.513207547169806,44.35
882,1.0552,2.2291999999999996,2.1262,2.3322,43.267924528301876,41.305660377358485,45.15769230769231
883,1.0762,2.2502,2.1471999999999998,2.3532,43.66415094339622,41.70188679245282,45.56153846153847
884,1.0768,2.2508,2.1478,2.3537999999999997,43.6754716981132,41.71320754716981,45.57307692307692
885,1.0236,2.1976,2.0946,2.3006,42.67169811320754,40.70943396226414,44.550000000000004
886,1.0101,2.1841,2.0811,2.2870999999999997,42.41698113207546,40.45471698113207,44.29038461538461
887,1.0328,2.2068,2.1037999999999997,2.3098,42.84528301886792,40.88301886792452,44.72692307692308
888,0.9967,2.1707,2.0677,2.2737,42.16415094339622,40.20188679245282,44.03269230769231
889,1.0905,2.2645,2.1615,2.3674999999999997,43.933962264150935,41.971698113207545,45.83653846153846
890,1.075,2.2489999999999997,2.146,2.352,43.641509433962256,41.67924528301886,45.53846153846154
891,1.0579,2.2319,2.1289,2.3349,43.3188679245283,41.356603773584894,45.20961538461539
892,1.042,2.216,2.113,2.319,43.0188679245283,41.0566037735849,44.90384615384615
893,1.0135,2.1875,2.0845000000000002,2.2904999999999998,42.48113207547169,40.5188679245283,44.355769230769226
894,1.1267,2.3007,2.1977,2.4036999999999997,44.616981132075466,42.654716981132076,46.5326923076923
895,1.0629,2.2369,2.1338999999999997,2.3399,43.413207547169804,41.45094339622641,45.305769230769236
896,1.05,2.224,2.121,2.327,43.16981132075472,41.20754716981131,45.05769230769231
897,1.0845,2.2584999999999997,2.1555,2.3615,43.82075471698112,41.85849056603773,45.72115384615385
898,1.0456,2.2196,2.1166,2.3226,43.08679245283018,41.124528301886784,44.973076923076924
899,1.0291,2.2031,2.1001,2.3061,42.7754716981132,40.8132075471698,44.65576923076923
900,1.031,2.205,2.102,2.308,42.811320754716974,40.849056603773576,44.69230769230769
901,1.1176,2.2916,2.1886,2.3945999999999996,44.44528301886792,42.48301886792453,46.357692307692304
902,1.0225,2.1965,2.0934999999999997,2.2995,42.65094339622641,40.688679245283005,44.52884615384616
903,1.0302,2.2042,2.1012,2.3072,42.79622641509434,40.833962264150934,44.67692307692308
904,1.0971,2.2710999999999997,2.1681,2.3741,44.058490566037726,42.096226415094335,45.96346153846154
905,1.0292,2.2032,2.1002,2.3061999999999996,42.77735849056603,40.81509433962264,44.6576923076923
906,1.0567,2.2306999999999997,2.1277,2.3337,43.29622641509433,41.333962264150934,45.18653846153846
907,1.1094,2.2834,2.1803999999999997,2.3864,44.29056603773584,42.328301886792445,46.2
908,1.1525,2.3265000000000002,2.2235,2.4295,45.10377358490566,43.14150943396226,47.02884615384615
909,1.0293,2.2033,2.1003,2.3063000000000002,42.77924528301886,40.81698113207546,44.65961538461539
910,1.1087,2.2827,2.1797,2.3857,44.27735849056604,42.31509433962264,46.18653846153846
911,1.0965,2.2705,2.1675,2.3735,44.04716981132076,42.08490566037735,45.95192307692308
912,1.0402,2.2142,2.1112,2.3171999999999997,42.98490566037735,41.02264150943396,44.86923076923077
913,1.0785,2.2525,2.1494999999999997,2.3555,43.70754716981131,41.745283018867916,45.60576923076923
914,1.0239,2.1978999999999997,2.0949,2.3009,42.67735849056603,40.71509433962264,44.555769230769236
915,1.0846,2.2586,2.1555999999999997,2.3616,43.82264150943396,41.86037735849055,45.72307692307693
916,1.0931,2.2671,2.1641,2.3701,43.98301886792453,42.02075471698112,45.886538461538464
917,1.0557,2.2297000000000002,2.1267,2.3327,43.27735849056604,41.31509433962264,45.167307692307695
918,1.0761,2.2500999999999998,2.1471,2.3531,43.662264150943386,41.699999999999996,45.559615384615384
919,1.0565,2.2305,2.1275,2.3335,43.29245283018868,41.330188679245275,45.18269230769231
920,1.1234,2.2973999999999997,2.1944,2.4004,44.55471698113207,42.59245283018868,46.46923076923077
921,1.0963,2.2702999999999998,2.1673,2.3733,44.043396226415084,42.08113207547169,45.948076923076925
922,1.0588,2.2328,2.1298,2.3358,43.33584905660377,41.37358490566037,45.22692307692308
923,1.0231,2.1971,2.0941,2.3000999999999996,42.662264150943386,40.699999999999996,44.54038461538461
924,1.0884,2.2624,2.1593999999999998,2.3654,43.8943396226415,41.932075471698106,45.79615384615385
925,1.0085,2.1825,2.0795,2.2855,42.386792452830186,40.42452830188678,44.25961538461539
926,1.1195,2.2935,2.1905,2.3964999999999996,44.48113207547169,42.5188679245283,46.39423076923077
927,1.0634,2.2374,2.1344,2.3404,43.42264150943396,41.46037735849056,45.315384615384616
928,1.081,2.255,2.152,2.3579999999999997,43.75471698113207,41.79245283018868,45.653846153846146
929,1.017,2.191,2.088,2.2939999999999996,42.54716981132074,40.58490566037735,44.42307692307692
930,1.0367,2.2107,2.1077,2.3137,42.9188679245283,40.956603773584895,44.801923076923075
931,1.0795,2.2535,2.1505,2.3564999999999996,43.726415094339615,41.764150943396224,45.62499999999999
932,1.0251,2.1990999999999996,2.0961,2.3021,42.69999999999999,40.73773584905659,44.57884615384615
933,1.075,2.2489999999999997,2.146,2.352,43.641509433962256,41.67924528301886,45.53846153846154
934,1.0761,2.2500999999999998,2.1471,2.3531,43.662264150943386,41.699999999999996,45.559615384615384
935,1.0577,2.2317,2.1287000000000003,2.3346999999999998,43.31509433962264,41.35283018867924,45.20576923076923
936,1.085,2.259,2.1559999999999997,2.362,43.830188679245275,41.86792452830188,45.73076923076923
937,1.0356,2.2096,2.1066000000000003,2.3125999999999998,42.89811320754716,40.93584905660377,44.78076923076923
938,1.0095,2.1835,2.0805,2.2865,42.40566037735849,40.44339622641508,44.27884615384616
939,1.0893,2.2633,2.1603,2.3663,43.911320754716975,41.94905660377358,45.81346153846154
940,1.0678,2.2418,2.1388,2.3448,43.50566037735849,41.543396226415084,45.400000000000006
941,0.99141,2.16541,2.06241,2.26841,42.064339622641505,40.1020754716981,43.93096153846154
942,1.1262,2.3002000000000002,2.1972,2.4032,44.60754716981132,42.64528301886792,46.52307692307693
943,1.0176,2.1916,2.0886,2.2946,42.55849056603773,40.596226415094335,44.434615384615384
944,1.0096,2.1836,2.0806,2.2866,42.407547169811316,40.44528301886792,44.28076923076923
945,1.0428,2.2168,2.1138,2.3198,43.03396226415094,41.07169811320754,44.91923076923077
946,1.1024,2.2763999999999998,2.1734,2.3794,44.15849056603773,42.19622641509434,46.065384615384616
947,1.0569,2.2309,2.1279,2.3339,43.3,41.3377358490566,45.190384615384616
948,1.0893,2.2633,2.1603,2.3663,43.911320754716975,41.94905660377358,45.81346153846154
949,1.0784,2.2523999999999997,2.1494,2.3554,43.705660377358484,41.743396226415086,45.603846153846156
950,0.99761,2.17161,2.06861,2.27461,42.18132075471697,40.21905660377358,44.05019230769231
951,1.0592,2.2332,2.1302,2.3362,43.34339622641509,41.38113207547169,45.23461538461538
952,1.0779,2.2519,2.1489000000000003,2.3548999999999998,43.69622641509434,41.73396226415095,45.59423076923077
953,1.0876,2.2615999999999996,2.1586,2.3646,43.879245283018854,41.91698113207546,45.78076923076923
954,1.1222,2.2962,2.1932,2.3992,44.53207547169811,42.56981132075472,46.44615384615385
955,0.98852,2.1625199999999998,2.05952,2.26552,42.00981132075471,40.04754716981132,43.87538461538462
956,1.0906,2.2645999999999997,2.1616,2.3676,43.935849056603764,41.973584905660374,45.83846153846154
957,1.0381,2.2121,2.1090999999999998,2.3151,42.94528301886792,40.983018867924514,44.82884615384616
958,1.0361,2.2100999999999997,2.1071,2.3131,42.90754716981131,40.94528301886792,44.79038461538462
959,1.0005,2.1745,2.0715,2.2775,42.23584905660377,40.27358490566037,44.10576923076923
960,1.0675,2.2415,2.1384999999999996,2.3445,43.49999999999999,41.53773584905659,45.394230769230774
961,1.0963,2.2702999999999998,2.1673,2.3733,44.043396226415084,42.08113207547169,45.948076923076925
962,1.0652,2.2392,2.1361999999999997,2.3422,43.456603773584895,41.4943396226415,45.35
963,1.0128,2.1868,2.0838,2.2897999999999996,42.46792452830188,40.50566037735849,44.342307692307685
964,1.0799,2.2539,2.1509,2.3569,43.73396226415093,41.77169811320754,45.63269230769231
965,1.0664,2.2404,2.1374,2.3434,43.47924528301887,41.516981132075465,45.37307692307692
966,1.0868,2.2607999999999997,2.1578,2.3638,43.86415094339622,41.90188679245282,45.76538461538462
967,1.0882,2.2622,2.1592000000000002,2.3651999999999997,43.890566037735844,41.928301886792454,45.79230769230769
968,1.0555,2.2295,2.1265,2.3325,43.27358490566037,41.311320754716974,45.16346153846154
969,1.08,2.254,2.151,2.357,43.73584905660377,41.77358490566037,45.634615384615394
970,1.0013,2.1753,2.0723000000000003,2.2782999999999998,42.25094339622641,40.288679245283014,44.121153846153845
971,1.0491,2.2230999999999996,2.1201,2.3261,43.15283018867923,41.19056603773584,45.04038461538462
972,1.0545,2.2285,2.1254999999999997,2.3315,43.25471698113207,41.292452830188665,45.144230769230774
973,1.0383,2.2123,2.1093,2.3152999999999997,42.94905660377358,40.98679245283019,44.832692307692305
974,1.0904,2.2644,2.1614,2.3674,43.93207547169811,41.969811320754715,45.83461538461539
975,1.0688,2.2428,2.1398,2.3457999999999997,43.52452830188678,41.56226415094339,45.419230769230765
976,1.0852,2.2592,2.1562,2.3621999999999996,43.833962264150934,41.87169811320754,45.73461538461538
977,1.113,2.287,2.184,2.3899999999999997,44.35849056603773,42.39622641509434,46.26923076923077
978,1.0755,2.2495,2.1464999999999996,2.3525,43.65094339622641,41.688679245283005,45.54807692307693
979,1.0326,2.2066,2.1036,2.3095999999999997,42.84150943396226,40.87924528301886,44.72307692307692
980,1.0559,2.2298999999999998,2.1269,2.3329,43.28113207547169,41.3188679245283,45.17115384615385
981,1.0968,2.2708,2.1677999999999997,2.3738,44.05283018867924,42.09056603773584,45.95769230769231
982,1.0454,2.2194000000000003,2.1164,2.3224,43.08301886792453,41.120754716981125,44.96923076923077
983,1.0057,2.1797,2.0766999999999998,2.2827,42.333962264150934,40.371698113207536,44.205769230769235
984,0.98858,2.16258,2.05958,2.26558,42.01094339622641,40.04867924528301,43.876538461538466
985,0.98966,2.16366,2.06066,2.26666,42.03132075471698,40.069056603773575,43.89730769230769
986,1.0512,2.2252,2.1222,2.3282,43.19245283018868,41.23018867924527,45.08076923076923
987,1.0128,2.1868,2.0838,2.2897999999999996,42.46792452830188,40.50566037735849,44.342307692307685
988,1.0986,2.2725999999999997,2.1696,2.3756,44.08679245283018,42.124528301886784,45.99230769230769
989,1.0707,2.2447,2.1417,2.3476999999999997,43.56037735849056,41.598113207547165,45.45576923076923
990,1.077,2.251,2.1479999999999997,2.354,43.67924528301886,41.71698113207546,45.57692307692308
991,1.0285,2.2024999999999997,2.0995,2.3055,42.76415094339622,40.80188679245282,44.644230769230774
992,1.0592,2.2332,2.1302,2.3362,43.34339622641509,41.38113207547169,45.23461538461538
993,1.0695,2.2435,2.1405,2.3465,43.5377358490566,41.5754716981132,45.43269230769231
994,0.99161,2.16561,2.06261,2.26861,42.068113207547164,40.105849056603766,43.93480769230769
995,1.1596,2.3335999999999997,2.2306,2.4366,45.23773584905659,43.2754716981132,47.16538461538462
996,1.0679,2.2419000000000002,2.1389,2.3449,43.50754716981132,41.54528301886792,45.40192307692308
997,1.0799,2.2539,2.1509,2.3569,43.73396226415093,41.77169811320754,45.63269230769231
998,1.0246,2.1986,2.0956,2.3015999999999996,42.69056603773584,40.72830188679245,44.569230769230764
999,1.048,2.222,2.1189999999999998,2.325,43.13207547169811,41.169811320754704,45.019230769230774
1000,1.0458,2.2198,2.1168,2.3228,43.09056603773585,41.12830188679245,44.97692307692308
